[{"id":27980,"annotations":[{"id":1,"completed_by":1,"result":[{"value":{"start":25,"end":28,"text":"ATX","labels":["GPE"]},"id":"Pnsju496aF","from_name":"label","to_name":"text","type":"labels","origin":"manual"},{"value":{"start":29,"end":33,"text":"MDMA","labels":["PRODUCT"]},"id":"cYIcfcGsRl","from_name":"label","to_name":"text","type":"labels","origin":"manual"},{"value":{"start":34,"end":39,"text":"speed","labels":["PRODUCT"]},"id":"FCLdiinv9Q","from_name":"label","to_name":"text","type":"labels","origin":"manual"}],"was_cancelled":false,"ground_truth":false,"created_at":"2024-11-18T09:28:26.567965Z","updated_at":"2024-11-18T09:28:26.567977Z","draft_created_at":"2024-11-18T09:27:53.973772Z","lead_time":537.376,"prediction":{"id":1,"result":[{"from_name":"label","to_name":"text","type":"labels","value":{"start":34,"end":39,"text":"speed","labels":["MEDICATION"]}}],"model_version":"entity_ruler","created_ago":"14 minutes","score":null,"cluster":null,"neighbors":null,"mislabeling":0.0,"created_at":"2024-11-18T09:13:30.670240Z","updated_at":"2024-11-18T09:13:30.670257Z","model":null,"model_run":null,"task":27980,"project":4},"result_count":0,"unique_id":"73c4849d-fc13-427c-84b0-3be6f19a4103","import_id":null,"last_action":null,"task":27980,"project":4,"updated_by":1,"parent_prediction":1,"parent_annotation":null,"last_created_by":null}],"file_upload":"8e967a4b-tasks_70_100_custom_labels.json","drafts":[],"predictions":[1],"data":{"text":"Imm kill him gave dealer ATX MDMA speed ran without giving shit swear god text back ill murder ass"},"meta":{},"created_at":"2024-11-18T09:13:30.660132Z","updated_at":"2024-11-18T09:28:26.590193Z","inner_id":1,"total_annotations":1,"cancelled_annotations":0,"total_predictions":1,"comment_count":0,"unresolved_comment_count":0,"last_comment_updated_at":null,"project":4,"updated_by":1,"comment_authors":[]},{"id":27981,"annotations":[{"id":2,"completed_by":1,"result":[{"value":{"start":0,"end":7,"text":"Friends","labels":["PERSON"]},"id":"8vA4HzXAb9","from_name":"label","to_name":"text","type":"labels","origin":"manual"},{"value":{"start":55,"end":62,"text":"friends","labels":["PERSON"]},"id":"-uqmHHr-fG","from_name":"label","to_name":"text","type":"labels","origin":"manual"}],"was_cancelled":false,"ground_truth":false,"created_at":"2024-11-18T09:29:44.070827Z","updated_at":"2024-11-18T09:29:44.070835Z","draft_created_at":"2024-11-18T09:29:23.733282Z","lead_time":69.784,"prediction":{"id":2,"result":[],"model_version":"entity_ruler","created_ago":"16 minutes","score":null,"cluster":null,"neighbors":null,"mislabeling":0.0,"created_at":"2024-11-18T09:13:30.670280Z","updated_at":"2024-11-18T09:13:30.670286Z","model":null,"model_run":null,"task":27981,"project":4},"result_count":0,"unique_id":"d2a755b1-2230-455b-99e2-efd1b88500bb","import_id":null,"last_action":null,"task":27981,"project":4,"updated_by":1,"parent_prediction":2,"parent_annotation":null,"last_created_by":null}],"file_upload":"8e967a4b-tasks_70_100_custom_labels.json","drafts":[],"predictions":[2],"data":{"text":"Friends turn to want alone anymore is advice give make friends in person"},"meta":{},"created_at":"2024-11-18T09:13:30.660207Z","updated_at":"2024-11-18T09:29:44.082385Z","inner_id":2,"total_annotations":1,"cancelled_annotations":0,"total_predictions":1,"comment_count":0,"unresolved_comment_count":0,"last_comment_updated_at":null,"project":4,"updated_by":1,"comment_authors":[]},{"id":27982,"annotations":[{"id":3,"completed_by":1,"result":[{"value":{"start":0,"end":6,"text":"Anyone","labels":["PERSON"]},"id":"dN9AdFNS__","from_name":"label","to_name":"text","type":"labels","origin":"manual"},{"value":{"start":41,"end":47,"text":"school","labels":["ORG"]},"id":"3eQLSJUYnd","from_name":"label","to_name":"text","type":"labels","origin":"manual"},{"value":{"start":34,"end":40,"text":"corona","labels":["EVENT"]},"id":"OpCcVs2Uj3","from_name":"label","to_name":"text","type":"labels","origin":"manual"},{"value":{"start":61,"end":69,"text":"everyone","labels":["PERSON"]},"id":"c6vnPSUYX3","from_name":"label","to_name":"text","type":"labels","origin":"manual"},{"value":{"start":92,"end":104,"text":"second year ","labels":["ORDINAL"]},"id":"I87PqTnO88","from_name":"label","to_name":"text","type":"labels","origin":"manual"},{"value":{"start":142,"end":146,"text":"year","labels":["ORDINAL"]},"id":"IdsjZHEbNX","from_name":"label","to_name":"text","type":"labels","origin":"manual"}],"was_cancelled":false,"ground_truth":false,"created_at":"2024-11-18T09:32:55.204726Z","updated_at":"2024-11-18T09:32:55.204739Z","draft_created_at":"2024-11-18T09:31:16.342812Z","lead_time":190.156,"prediction":{"id":3,"result":[],"model_version":"entity_ruler","created_ago":"19 minutes","score":null,"cluster":null,"neighbors":null,"mislabeling":0.0,"created_at":"2024-11-18T09:13:30.670304Z","updated_at":"2024-11-18T09:13:30.670310Z","model":null,"model_run":null,"task":27982,"project":4},"result_count":0,"unique_id":"a80c3184-7c02-46b1-92d4-91273561007e","import_id":null,"last_action":null,"task":27982,"project":4,"updated_by":1,"parent_prediction":3,"parent_annotation":null,"last_created_by":null}],"file_upload":"8e967a4b-tasks_70_100_custom_labels.json","drafts":[],"predictions":[3],"data":{"text":"Anyone else gets education fucked corona school decided mark everyone result can't continue second year math level feels unfair because start year could've improved much even able take second year fucking virus"},"meta":{},"created_at":"2024-11-18T09:13:30.660259Z","updated_at":"2024-11-18T09:32:55.216007Z","inner_id":3,"total_annotations":1,"cancelled_annotations":0,"total_predictions":1,"comment_count":0,"unresolved_comment_count":0,"last_comment_updated_at":null,"project":4,"updated_by":1,"comment_authors":[]},{"id":27983,"annotations":[{"id":4,"completed_by":1,"result":[{"value":{"start":23,"end":33,"text":"quarantine","labels":["EVENT"]},"id":"zcwjNEN7TA","from_name":"label","to_name":"text","type":"labels","origin":"manual"},{"value":{"start":54,"end":61,"text":"someone","labels":["PERSON"]},"id":"J-4nSzSEiG","from_name":"label","to_name":"text","type":"labels","origin":"manual"}],"was_cancelled":false,"ground_truth":false,"created_at":"2024-11-18T09:34:37.999735Z","updated_at":"2024-11-18T09:34:37.999760Z","draft_created_at":"2024-11-18T09:33:22.177784Z","lead_time":101.762,"prediction":{"id":4,"result":[],"model_version":"entity_ruler","created_ago":"21 minutes","score":null,"cluster":null,"neighbors":null,"mislabeling":0.0,"created_at":"2024-11-18T09:13:30.670328Z","updated_at":"2024-11-18T09:13:30.670334Z","model":null,"model_run":null,"task":27983,"project":4},"result_count":0,"unique_id":"fb6eb359-8a0e-440c-99d7-264922ee7c17","import_id":null,"last_action":null,"task":27983,"project":4,"updated_by":1,"parent_prediction":4,"parent_annotation":null,"last_created_by":null}],"file_upload":"8e967a4b-tasks_70_100_custom_labels.json","drafts":[],"predictions":[4],"data":{"text":"Said no but feel great quarantine tough lonely asking someone great thing either keep current position get something great keep asking I'm right ya"},"meta":{},"created_at":"2024-11-18T09:13:30.660306Z","updated_at":"2024-11-18T09:34:38.017466Z","inner_id":4,"total_annotations":1,"cancelled_annotations":0,"total_predictions":1,"comment_count":0,"unresolved_comment_count":0,"last_comment_updated_at":null,"project":4,"updated_by":1,"comment_authors":[]},{"id":27984,"annotations":[{"id":5,"completed_by":1,"result":[{"value":{"start":0,"end":18,"text":"Insanitygirlfriend","labels":["PERSON"]},"id":"Nkyam5VG1I","from_name":"label","to_name":"text","type":"labels","origin":"manual"},{"value":{"start":63,"end":71,"text":"problems","labels":["EVENT"]},"id":"IDk3dckakB","from_name":"label","to_name":"text","type":"labels","origin":"manual"},{"value":{"start":103,"end":117,"text":"dating someone","labels":["EVENT"]},"id":"WlQ-ofFP33","from_name":"label","to_name":"text","type":"labels","origin":"manual"},{"value":{"start":110,"end":122,"text":"someone else","labels":["PERSON"]},"id":"LXrWkMkA1p","from_name":"label","to_name":"text","type":"labels","origin":"manual"},{"value":{"start":248,"end":254,"text":"people","labels":["PERSON"]},"id":"psChU-ULZF","from_name":"label","to_name":"text","type":"labels","origin":"manual"},{"value":{"start":303,"end":310,"text":"friends","labels":["PERSON"]},"id":"HYmQj_n8vT","from_name":"label","to_name":"text","type":"labels","origin":"manual"},{"value":{"start":533,"end":538,"text":"years","labels":["DATE"]},"id":"i9o2g9A7Qo","from_name":"label","to_name":"text","type":"labels","origin":"manual"},{"value":{"start":594,"end":599,"text":"death","labels":["EVENT"]},"id":"bAUFxbyEey","from_name":"label","to_name":"text","type":"labels","origin":"manual"}],"was_cancelled":false,"ground_truth":false,"created_at":"2024-11-18T09:37:49.520866Z","updated_at":"2024-11-18T09:37:49.520876Z","draft_created_at":"2024-11-18T09:35:01.596592Z","lead_time":190.048,"prediction":{"id":5,"result":[{"from_name":"label","to_name":"text","type":"labels","value":{"start":226,"end":231,"text":"tired","labels":["SYMPTOM"]}}],"model_version":"entity_ruler","created_ago":"24 minutes","score":null,"cluster":null,"neighbors":null,"mislabeling":0.0,"created_at":"2024-11-18T09:13:30.670355Z","updated_at":"2024-11-18T09:13:30.670361Z","model":null,"model_run":null,"task":27984,"project":4},"result_count":0,"unique_id":"2e2115ab-f79b-454a-88cf-211ccd631d21","import_id":null,"last_action":null,"task":27984,"project":4,"updated_by":1,"parent_prediction":5,"parent_annotation":null,"last_created_by":null}],"file_upload":"8e967a4b-tasks_70_100_custom_labels.json","drafts":[],"predictions":[5],"data":{"text":"Insanitygirlfriend broke me put a lot feelings onto suppressed problems tell about said needed time is dating someone else don't know expected anything different continue fucked around with cast aside walk forward stumble I'm tired getting back up people work telling kill ask help basic tasks supposed friends abandoning time need wrists blank slates carvings among them know am alone hollow pariah among living feel dead join dead pain go away life gift cant give someone else know people around would devastate dive seen anything years replaced temporary mourning continuation life strength death hope"},"meta":{},"created_at":"2024-11-18T09:13:30.660360Z","updated_at":"2024-11-18T09:37:49.533916Z","inner_id":5,"total_annotations":1,"cancelled_annotations":0,"total_predictions":1,"comment_count":0,"unresolved_comment_count":0,"last_comment_updated_at":null,"project":4,"updated_by":1,"comment_authors":[]},{"id":27985,"annotations":[{"id":6,"completed_by":1,"result":[{"value":{"start":11,"end":20,"text":"happy guy","labels":["PERSON"]},"id":"A4vYqDC042","from_name":"label","to_name":"text","type":"labels","origin":"manual"}],"was_cancelled":false,"ground_truth":false,"created_at":"2024-11-18T09:38:12.191822Z","updated_at":"2024-11-18T09:38:12.191841Z","draft_created_at":"2024-11-18T09:38:09.663540Z","lead_time":21.787,"prediction":{"id":6,"result":[],"model_version":"entity_ruler","created_ago":"24 minutes","score":null,"cluster":null,"neighbors":null,"mislabeling":0.0,"created_at":"2024-11-18T09:13:30.670378Z","updated_at":"2024-11-18T09:13:30.670384Z","model":null,"model_run":null,"task":27985,"project":4},"result_count":0,"unique_id":"34cd505d-7f1a-4709-a07e-07cd5440dd20","import_id":null,"last_action":null,"task":27985,"project":4,"updated_by":1,"parent_prediction":6,"parent_annotation":null,"last_created_by":null}],"file_upload":"8e967a4b-tasks_70_100_custom_labels.json","drafts":[],"predictions":[6],"data":{"text":"Like memes happy guy last post making comment section controversial tries to prove point can't like memes happy"},"meta":{},"created_at":"2024-11-18T09:13:30.660416Z","updated_at":"2024-11-18T09:38:12.210415Z","inner_id":6,"total_annotations":1,"cancelled_annotations":0,"total_predictions":1,"comment_count":0,"unresolved_comment_count":0,"last_comment_updated_at":null,"project":4,"updated_by":1,"comment_authors":[]},{"id":27986,"annotations":[{"id":7,"completed_by":1,"result":[{"value":{"start":9,"end":22,"text":"online school","labels":["ORG"]},"id":"l4qDkod7vg","from_name":"label","to_name":"text","type":"labels","origin":"manual"},{"value":{"start":97,"end":101,"text":"zoom","labels":["PRODUCT"]},"id":"7xoi7mE4be","from_name":"label","to_name":"text","type":"labels","origin":"manual"},{"value":{"start":97,"end":101,"text":"zoom","labels":["LOC"]},"id":"Bh7kVUxtGu","from_name":"label","to_name":"text","type":"labels","origin":"manual"}],"was_cancelled":false,"ground_truth":false,"created_at":"2024-11-18T09:39:18.604468Z","updated_at":"2024-11-18T09:39:18.604481Z","draft_created_at":"2024-11-18T09:38:53.453868Z","lead_time":65.254,"prediction":{"id":7,"result":[],"model_version":"entity_ruler","created_ago":"25 minutes","score":null,"cluster":null,"neighbors":null,"mislabeling":0.0,"created_at":"2024-11-18T09:13:30.670400Z","updated_at":"2024-11-18T09:13:30.670406Z","model":null,"model_run":null,"task":27986,"project":4},"result_count":0,"unique_id":"801adc4a-8a69-4f73-9195-d47795e9a861","import_id":null,"last_action":null,"task":27986,"project":4,"updated_by":1,"parent_prediction":7,"parent_annotation":null,"last_created_by":null}],"file_upload":"8e967a4b-tasks_70_100_custom_labels.json","drafts":[],"predictions":[7],"data":{"text":"Starting online school weeks school could teach us differently expected starters think wed using zoom all were going to log in tasks that's it knows could same"},"meta":{},"created_at":"2024-11-18T09:13:30.660462Z","updated_at":"2024-11-18T09:39:18.626875Z","inner_id":7,"total_annotations":1,"cancelled_annotations":0,"total_predictions":1,"comment_count":0,"unresolved_comment_count":0,"last_comment_updated_at":null,"project":4,"updated_by":1,"comment_authors":[]},{"id":27987,"annotations":[{"id":8,"completed_by":1,"result":[{"value":{"start":8,"end":15,"text":"friends","labels":["PERSON"]},"id":"JtaRojIKHy","from_name":"label","to_name":"text","type":"labels","origin":"manual"},{"value":{"start":41,"end":46,"text":"peeps","labels":["PERSON"]},"id":"A_AHdm3VSX","from_name":"label","to_name":"text","type":"labels","origin":"manual"}],"was_cancelled":false,"ground_truth":false,"created_at":"2024-11-18T09:39:41.875380Z","updated_at":"2024-11-18T09:39:41.875395Z","draft_created_at":"2024-11-18T09:39:37.830686Z","lead_time":22.251,"prediction":{"id":8,"result":[],"model_version":"entity_ruler","created_ago":"26 minutes","score":null,"cluster":null,"neighbors":null,"mislabeling":0.0,"created_at":"2024-11-18T09:13:30.670422Z","updated_at":"2024-11-18T09:13:30.670427Z","model":null,"model_run":null,"task":27987,"project":4},"result_count":0,"unique_id":"abea3fc1-b61d-4c0c-b094-d427399b854a","import_id":null,"last_action":null,"task":27987,"project":4,"updated_by":1,"parent_prediction":8,"parent_annotation":null,"last_created_by":null}],"file_upload":"8e967a4b-tasks_70_100_custom_labels.json","drafts":[],"predictions":[8],"data":{"text":"Loookin friends magical dms open looking peeps hang n long conversations "},"meta":{},"created_at":"2024-11-18T09:13:30.660511Z","updated_at":"2024-11-18T09:39:41.897687Z","inner_id":8,"total_annotations":1,"cancelled_annotations":0,"total_predictions":1,"comment_count":0,"unresolved_comment_count":0,"last_comment_updated_at":null,"project":4,"updated_by":1,"comment_authors":[]},{"id":27988,"annotations":[{"id":9,"completed_by":1,"result":[{"value":{"start":87,"end":93,"text":"anyone","labels":["PERSON"]},"id":"5bLnrqaGrp","from_name":"label","to_name":"text","type":"labels","origin":"manual"},{"value":{"start":122,"end":136,"text":"amazing people","labels":["PERSON"]},"id":"o1Yvb_zPaV","from_name":"label","to_name":"text","type":"labels","origin":"manual"},{"value":{"start":11,"end":15,"text":"life","labels":["EVENT"]},"id":"cmzi6tRCGP","from_name":"label","to_name":"text","type":"labels","origin":"manual"}],"was_cancelled":false,"ground_truth":false,"created_at":"2024-11-18T09:40:21.551914Z","updated_at":"2024-11-18T09:40:21.551924Z","draft_created_at":"2024-11-18T09:40:13.358247Z","lead_time":37.099,"prediction":{"id":9,"result":[],"model_version":"entity_ruler","created_ago":"26 minutes","score":null,"cluster":null,"neighbors":null,"mislabeling":0.0,"created_at":"2024-11-18T09:13:30.670443Z","updated_at":"2024-11-18T09:13:30.670449Z","model":null,"model_run":null,"task":27988,"project":4},"result_count":0,"unique_id":"0bd6c6ea-00d5-4a96-bd11-da7baeb01d84","import_id":null,"last_action":null,"task":27988,"project":4,"updated_by":1,"parent_prediction":9,"parent_annotation":null,"last_created_by":null}],"file_upload":"8e967a4b-tasks_70_100_custom_labels.json","drafts":[],"predictions":[9],"data":{"text":"Understand life might difficult right trust life sucks tell amazing going great things anyone needs talk see queens later amazing people"},"meta":{},"created_at":"2024-11-18T09:13:30.660570Z","updated_at":"2024-11-18T09:40:21.566005Z","inner_id":9,"total_annotations":1,"cancelled_annotations":0,"total_predictions":1,"comment_count":0,"unresolved_comment_count":0,"last_comment_updated_at":null,"project":4,"updated_by":1,"comment_authors":[]},{"id":27989,"annotations":[{"id":10,"completed_by":1,"result":[{"value":{"start":31,"end":36,"text":"Louis","labels":["PERSON"]},"id":"J-ejcgPpjt","from_name":"label","to_name":"text","type":"labels","origin":"manual"},{"value":{"start":8,"end":13,"text":"house","labels":["LOC"]},"id":"MwEcUI9WCq","from_name":"label","to_name":"text","type":"labels","origin":"manual"}],"was_cancelled":false,"ground_truth":false,"created_at":"2024-11-18T09:41:01.363657Z","updated_at":"2024-11-18T09:41:01.363669Z","draft_created_at":"2024-11-18T09:40:46.309710Z","lead_time":31.075,"prediction":{"id":10,"result":[],"model_version":"entity_ruler","created_ago":"27 minutes","score":null,"cluster":null,"neighbors":null,"mislabeling":0.0,"created_at":"2024-11-18T09:13:30.670465Z","updated_at":"2024-11-18T09:13:30.670470Z","model":null,"model_run":null,"task":27989,"project":4},"result_count":0,"unique_id":"8d12bcc1-b914-41ce-a591-36f08ca6b907","import_id":null,"last_action":null,"task":27989,"project":4,"updated_by":1,"parent_prediction":10,"parent_annotation":null,"last_created_by":null}],"file_upload":"8e967a4b-tasks_70_100_custom_labels.json","drafts":[],"predictions":[10],"data":{"text":"to guys house right now hugged Louis can't express words happy"},"meta":{},"created_at":"2024-11-18T09:13:30.660619Z","updated_at":"2024-11-18T09:41:01.380330Z","inner_id":10,"total_annotations":1,"cancelled_annotations":0,"total_predictions":1,"comment_count":0,"unresolved_comment_count":0,"last_comment_updated_at":null,"project":4,"updated_by":1,"comment_authors":[]},{"id":27990,"annotations":[{"id":11,"completed_by":1,"result":[{"value":{"start":14,"end":28,"text":"romantic films","labels":["PRODUCT"]},"id":"KdW7xBijJl","from_name":"label","to_name":"text","type":"labels","origin":"manual"},{"value":{"start":34,"end":38,"text":"film","labels":["PRODUCT"]},"id":"3LkDR0z2g4","from_name":"label","to_name":"text","type":"labels","origin":"manual"},{"value":{"start":349,"end":361,"text":"Kate Capshaw","labels":["PERSON"]},"id":"SJCRkjcAFw","from_name":"label","to_name":"text","type":"labels","origin":"manual"},{"value":{"start":263,"end":268,"text":"Scott","labels":["PERSON"]},"id":"b67bkJufb8","from_name":"label","to_name":"text","type":"labels","origin":"manual"},{"value":{"start":512,"end":528,"text":"Geraldine McEwan","labels":["PERSON"]},"id":"jou5CEFxZo","from_name":"label","to_name":"text","type":"labels","origin":"manual"},{"value":{"start":418,"end":422,"text":"dead","labels":["EVENT"]},"id":"bj4GX5dwEj","from_name":"label","to_name":"text","type":"labels","origin":"manual"},{"value":{"start":667,"end":674,"text":"Trieste","labels":["GPE"]},"id":"9fIKHYK9_p","from_name":"label","to_name":"text","type":"labels","origin":"manual"},{"value":{"start":838,"end":848,"text":"DreamWorks","labels":["ORG"]},"id":"z14ViCNGD1","from_name":"label","to_name":"text","type":"labels","origin":"manual"}],"was_cancelled":false,"ground_truth":false,"created_at":"2024-11-18T09:42:50.945339Z","updated_at":"2024-11-18T09:42:50.945356Z","draft_created_at":"2024-11-18T09:41:30.539345Z","lead_time":106.512,"prediction":{"id":11,"result":[],"model_version":"entity_ruler","created_ago":"29 minutes","score":null,"cluster":null,"neighbors":null,"mislabeling":0.0,"created_at":"2024-11-18T09:13:30.670487Z","updated_at":"2024-11-18T09:13:30.670493Z","model":null,"model_run":null,"task":27990,"project":4},"result_count":0,"unique_id":"6b27ca76-0c89-4688-9982-de2b80a8e8ca","import_id":null,"last_action":null,"task":27990,"project":4,"updated_by":1,"parent_prediction":11,"parent_annotation":null,"last_created_by":null}],"file_upload":"8e967a4b-tasks_70_100_custom_labels.json","drafts":[],"predictions":[11],"data":{"text":"Normally like romantic films love film much story really touching ending appropriate feel really care many characters film feel feelings romantic films always make feel detached bored one completely makes feel involved starting scene ca pshaw running along beach Scott ending scene want rate film want give extra one point ending acting part strong Kate Capshaw good opportunity show talent though I'm impressed Scott dead man campus film completely changes viewpoint towards him he's irresistibly charming here Geraldine McEwan terrific every BR film might good complex deep believable films deal a little bit kind relationship become de la chair post coitus animal Trieste the love letter still proud casts rare different light kind relationship difference makes film eminently enjoyable unambitious relying on great charms small stars DreamWorks time really make dream come true"},"meta":{},"created_at":"2024-11-18T09:13:30.660671Z","updated_at":"2024-11-18T09:42:50.963242Z","inner_id":11,"total_annotations":1,"cancelled_annotations":0,"total_predictions":1,"comment_count":0,"unresolved_comment_count":0,"last_comment_updated_at":null,"project":4,"updated_by":1,"comment_authors":[]},{"id":27991,"annotations":[{"id":12,"completed_by":1,"result":[{"value":{"start":123,"end":133,"text":"narcolepsy","labels":["PERSON"]},"id":"DHdUrgnwS-","from_name":"label","to_name":"text","type":"labels","origin":"prediction-changed"},{"value":{"start":204,"end":209,"text":"tired","labels":["PERSON"]},"id":"gNuP3c4X2_","from_name":"label","to_name":"text","type":"labels","origin":"prediction-changed"},{"value":{"start":235,"end":240,"text":"tired","labels":["PERSON"]},"id":"Ds63zs8o2c","from_name":"label","to_name":"text","type":"labels","origin":"prediction-changed"},{"value":{"start":276,"end":281,"text":"tired","labels":["PERSON"]},"id":"iX9hId_E8f","from_name":"label","to_name":"text","type":"labels","origin":"prediction-changed"},{"value":{"start":57,"end":64,"text":"friends","labels":["PERSON"]},"id":"iT0b-BiwNs","from_name":"label","to_name":"text","type":"labels","origin":"manual"},{"value":{"start":90,"end":97,"text":"parents","labels":["PERSON"]},"id":"MOifnUuIEJ","from_name":"label","to_name":"text","type":"labels","origin":"manual"},{"value":{"start":105,"end":108,"text":"dad","labels":["PERSON"]},"id":"4_WQBdv6WU","from_name":"label","to_name":"text","type":"labels","origin":"manual"},{"value":{"start":116,"end":122,"text":"people","labels":["PERSON"]},"id":"VG2UImYMT-","from_name":"label","to_name":"text","type":"labels","origin":"manual"},{"value":{"start":156,"end":160,"text":"LGBT","labels":["ORG"]},"id":"JFhaCMaB_c","from_name":"label","to_name":"text","type":"labels","origin":"manual"},{"value":{"start":161,"end":165,"text":"moms","labels":["PERSON"]},"id":"5YIobgI0PY","from_name":"label","to_name":"text","type":"labels","origin":"manual"},{"value":{"start":506,"end":512,"text":"myself","labels":["PERSON"]},"id":"WZeekELrE7","from_name":"label","to_name":"text","type":"labels","origin":"manual"},{"value":{"start":632,"end":638,"text":"school","labels":["ORG"]},"id":"l_bSH3tJHB","from_name":"label","to_name":"text","type":"labels","origin":"manual"},{"value":{"start":767,"end":773,"text":"nobody","labels":["PERSON"]},"id":"92O1Wma9T9","from_name":"label","to_name":"text","type":"labels","origin":"manual"}],"was_cancelled":false,"ground_truth":false,"created_at":"2024-11-18T09:45:17.959450Z","updated_at":"2024-11-18T09:45:17.959462Z","draft_created_at":"2024-11-18T09:43:36.809504Z","lead_time":141.159,"prediction":{"id":12,"result":[{"from_name":"label","to_name":"text","type":"labels","value":{"start":123,"end":133,"text":"narcolepsy","labels":["DISEASE"]}},{"from_name":"label","to_name":"text","type":"labels","value":{"start":204,"end":209,"text":"tired","labels":["SYMPTOM"]}},{"from_name":"label","to_name":"text","type":"labels","value":{"start":235,"end":240,"text":"tired","labels":["SYMPTOM"]}},{"from_name":"label","to_name":"text","type":"labels","value":{"start":276,"end":281,"text":"tired","labels":["SYMPTOM"]}}],"model_version":"entity_ruler","created_ago":"31 minutes","score":null,"cluster":null,"neighbors":null,"mislabeling":0.0,"created_at":"2024-11-18T09:13:30.670527Z","updated_at":"2024-11-18T09:13:30.670534Z","model":null,"model_run":null,"task":27991,"project":4},"result_count":0,"unique_id":"1a6a071a-5a12-46bd-a5cd-119b67793c3b","import_id":null,"last_action":null,"task":27991,"project":4,"updated_by":1,"parent_prediction":12,"parent_annotation":null,"last_created_by":null}],"file_upload":"8e967a4b-tasks_70_100_custom_labels.json","drafts":[],"predictions":[12],"data":{"text":"Wish weren't alone wish outlet time don't want to unload friends know problems can't talk parents either dad thinks people narcolepsy demon possessed hates LGBT moms bit openmindedexposed cares grade sim tired process everything diary tired it one comforts myself I'm fucking tired it I'm run down barely energy process feelings friendships wavering I'm glad friends aren't judgmental wouldn't want bother rants somehow I'm glad don't seem hate really talking much don't like anything I've got energy even myself much fewer people although haven't told anything mental state think sense I'm really well mean tell worried might fail school year seemed perceptive understanding it needs to write diary right now like said I'm done alone feel like going diary signifier nobody talk to I'm done carrying everything myself"},"meta":{},"created_at":"2024-11-18T09:13:30.660741Z","updated_at":"2024-11-18T09:45:17.972564Z","inner_id":12,"total_annotations":1,"cancelled_annotations":0,"total_predictions":1,"comment_count":0,"unresolved_comment_count":0,"last_comment_updated_at":null,"project":4,"updated_by":1,"comment_authors":[]},{"id":27992,"annotations":[{"id":13,"completed_by":1,"result":[{"value":{"start":3,"end":12,"text":"exhausted","labels":["EVENT"]},"id":"7g0TcO6YQA","from_name":"label","to_name":"text","type":"labels","origin":"prediction-changed"},{"value":{"start":44,"end":54,"text":"depression","labels":["EVENT"]},"id":"9rGhYKne-F","from_name":"label","to_name":"text","type":"labels","origin":"prediction-changed"},{"value":{"start":69,"end":79,"text":"depression","labels":["EVENT"]},"id":"EsFsdn2dSb","from_name":"label","to_name":"text","type":"labels","origin":"prediction-changed"},{"value":{"start":483,"end":489,"text":"stress","labels":["EVENT"]},"id":"hp-jwpddtn","from_name":"label","to_name":"text","type":"labels","origin":"prediction-changed"},{"value":{"start":1459,"end":1466,"text":"working","labels":["EVENT"]},"id":"4MIrlSA1ZU","from_name":"label","to_name":"text","type":"labels","origin":"prediction-changed"},{"value":{"start":1850,"end":1860,"text":"depression","labels":["EVENT"]},"id":"I-dlXtUHuW","from_name":"label","to_name":"text","type":"labels","origin":"prediction-changed"},{"value":{"start":2484,"end":2494,"text":"depression","labels":["EVENT"]},"id":"skrenCWffP","from_name":"label","to_name":"text","type":"labels","origin":"prediction-changed"},{"value":{"start":2516,"end":2526,"text":"drug abuse","labels":["EVENT"]},"id":"v3XVF5RR8m","from_name":"label","to_name":"text","type":"labels","origin":"prediction-changed"},{"value":{"start":211,"end":228,"text":"organ transplants","labels":["EVENT"]},"id":"7SigvreLBr","from_name":"label","to_name":"text","type":"labels","origin":"manual"},{"value":{"start":234,"end":241,"text":"illness","labels":["EVENT"]},"id":"M-LVNDBQhg","from_name":"label","to_name":"text","type":"labels","origin":"manual"},{"value":{"start":277,"end":282,"text":"adopt","labels":["EVENT"]},"id":"F8k6iSKC88","from_name":"label","to_name":"text","type":"labels","origin":"manual"},{"value":{"start":294,"end":313,"text":"currently years old","labels":["DATE"]},"id":"XGI7JQRBxw","from_name":"label","to_name":"text","type":"labels","origin":"manual"},{"value":{"start":249,"end":257,"text":"children","labels":["PERSON"]},"id":"-Mxn3Teedt","from_name":"label","to_name":"text","type":"labels","origin":"manual"},{"value":{"start":436,"end":446,"text":"university","labels":["ORG"]},"id":"_F-qew8K3X","from_name":"label","to_name":"text","type":"labels","origin":"manual"},{"value":{"start":678,"end":680,"text":"TV","labels":["PRODUCT"]},"id":"QcR8K6r3Mk","from_name":"label","to_name":"text","type":"labels","origin":"manual"},{"value":{"start":684,"end":687,"text":"bed","labels":["PRODUCT"]},"id":"3ADCRQ9kwC","from_name":"label","to_name":"text","type":"labels","origin":"manual"},{"value":{"start":725,"end":735,"text":"interviews","labels":["EVENT"]},"id":"gaZWKtduyn","from_name":"label","to_name":"text","type":"labels","origin":"manual"},{"value":{"start":800,"end":808,"text":"feedback","labels":["EVENT"]},"id":"q1zk6kXsO3","from_name":"label","to_name":"text","type":"labels","origin":"manual"},{"value":{"start":886,"end":895,"text":"candidate","labels":["PERSON"]},"id":"hcMv8SpT5N","from_name":"label","to_name":"text","type":"labels","origin":"manual"},{"value":{"start":1056,"end":1062,"text":"person","labels":["PERSON"]},"id":"W8VpMY7fzn","from_name":"label","to_name":"text","type":"labels","origin":"manual"},{"value":{"start":1171,"end":1177,"text":"myself","labels":["PERSON"]},"id":"xudgLQyz_R","from_name":"label","to_name":"text","type":"labels","origin":"manual"},{"value":{"start":1296,"end":1307,"text":"months ago ","labels":["DATE"]},"id":"9-nxf_tO-c","from_name":"label","to_name":"text","type":"labels","origin":"manual"},{"value":{"start":1311,"end":1314,"text":"boy","labels":["PERSON"]},"id":"K8IlDXiOmk","from_name":"label","to_name":"text","type":"labels","origin":"manual"},{"value":{"start":1385,"end":1393,"text":"end life","labels":["EVENT"]},"id":"laIf_v01T8","from_name":"label","to_name":"text","type":"labels","origin":"manual"},{"value":{"start":1970,"end":1981,"text":"one daytime","labels":["DATE"]},"id":"b0FZffTrNL","from_name":"label","to_name":"text","type":"labels","origin":"manual"},{"value":{"start":2099,"end":2109,"text":"girlfriend","labels":["PERSON"]},"id":"AUaBG-VJ3J","from_name":"label","to_name":"text","type":"labels","origin":"manual"},{"value":{"start":2132,"end":2139,"text":"parents","labels":["PERSON"]},"id":"gun65wrQ_U","from_name":"label","to_name":"text","type":"labels","origin":"manual"},{"value":{"start":2148,"end":2153,"text":"trips","labels":["EVENT"]},"id":"blhD4xEW_p","from_name":"label","to_name":"text","type":"labels","origin":"manual"},{"value":{"start":2306,"end":2321,"text":"closest friends","labels":["PERSON"]},"id":"hcJyfteU56","from_name":"label","to_name":"text","type":"labels","origin":"manual"},{"value":{"start":2564,"end":2571,"text":"therapy","labels":["EVENT"]},"id":"cTthQCyIRH","from_name":"label","to_name":"text","type":"labels","origin":"manual"},{"value":{"start":2552,"end":2563,"text":"medications","labels":["PRODUCT"]},"id":"OQ3Q5bxaov","from_name":"label","to_name":"text","type":"labels","origin":"manual"},{"value":{"start":2634,"end":2642,"text":"end life","labels":["EVENT"]},"id":"DR463-AqVA","from_name":"label","to_name":"text","type":"labels","origin":"manual"},{"value":{"start":2822,"end":2831,"text":"boyfriend","labels":["PERSON"]},"id":"xDx6XqgSqq","from_name":"label","to_name":"text","type":"labels","origin":"manual"},{"value":{"start":2597,"end":2601,"text":"help","labels":["EVENT"]},"id":"TprDS1JOuP","from_name":"label","to_name":"text","type":"labels","origin":"manual"}],"was_cancelled":false,"ground_truth":false,"created_at":"2024-11-18T09:52:17.843277Z","updated_at":"2024-11-18T09:52:17.843286Z","draft_created_at":"2024-11-18T09:46:29.850145Z","lead_time":418.402,"prediction":{"id":13,"result":[{"from_name":"label","to_name":"text","type":"labels","value":{"start":3,"end":12,"text":"exhausted","labels":["SYMPTOM"]}},{"from_name":"label","to_name":"text","type":"labels","value":{"start":44,"end":54,"text":"depression","labels":["DISEASE"]}},{"from_name":"label","to_name":"text","type":"labels","value":{"start":69,"end":79,"text":"depression","labels":["DISEASE"]}},{"from_name":"label","to_name":"text","type":"labels","value":{"start":483,"end":489,"text":"stress","labels":["SYMPTOM"]}},{"from_name":"label","to_name":"text","type":"labels","value":{"start":498,"end":508,"text":"depression","labels":["DISEASE"]}},{"from_name":"label","to_name":"text","type":"labels","value":{"start":1459,"end":1466,"text":"working","labels":["TREATMENT"]}},{"from_name":"label","to_name":"text","type":"labels","value":{"start":1850,"end":1860,"text":"depression","labels":["DISEASE"]}},{"from_name":"label","to_name":"text","type":"labels","value":{"start":2484,"end":2494,"text":"depression","labels":["DISEASE"]}},{"from_name":"label","to_name":"text","type":"labels","value":{"start":2516,"end":2526,"text":"drug abuse","labels":["DISEASE"]}},{"from_name":"label","to_name":"text","type":"labels","value":{"start":2552,"end":2563,"text":"medications","labels":["MEDICATION"]}},{"from_name":"label","to_name":"text","type":"labels","value":{"start":2564,"end":2571,"text":"therapy","labels":["TREATMENT"]}}],"model_version":"entity_ruler","created_ago":"38 minutes","score":null,"cluster":null,"neighbors":null,"mislabeling":0.0,"created_at":"2024-11-18T09:13:30.670584Z","updated_at":"2024-11-18T09:13:30.670590Z","model":null,"model_run":null,"task":27992,"project":4},"result_count":0,"unique_id":"4511a24d-a89e-437e-8083-45cf8fb1da3e","import_id":null,"last_action":null,"task":27992,"project":4,"updated_by":1,"parent_prediction":13,"parent_annotation":null,"last_created_by":null}],"file_upload":"8e967a4b-tasks_70_100_custom_labels.json","drafts":[],"predictions":[13],"data":{"text":"Im exhausted want end all originally posted depression I've suffered depression since young age life-threatening hereditary illness reduced life expectancy years old carry healthy lifestyle successfully receive organ transplants etc. illness cannot children unlikely ever able adopt foster I'm currently years old made sure everything wanted life bar family early possible try focus career ensure made sort difference world three years university worked dream job ended quitting due stress anxiety depression bullying work basic administration job half pay limiting amount travel one thing actually made happy hate job mostly unfulfilling mundane come homework eat dinner watch TV go bed begins again applying jobs attending interviews almost every one applied for past months shitty job managed bag feedback interviews almost always you right experienceskillsdrive looking for another candidate experience who worked past whole life obviously revolve around job big part influences mood day today basis since teenager bounced relationship focusing energy person allowing control happiness understand pathetic unhealthy is around people always something made feel better myself despite enjoying around people much tolerance actually quite low find getting irritated small things quite frequently months ago met boy got well seemed really me met point ready give up everything prepared end life plan boy walked life gave reason carry on maybe pinned much hope working out seemed genuine supported days pushed look better job made feel like life worth living again weekend told despite liking me happy me come realization prepared relationship something he's ready for understand cannot make stick around would cruel guilt trip staying tried to avoid best can realization hit one darkest days I've several years might hit hard forcing even darker bout depression I'm angry deciding want suddenly making wanted first place understand fleeting people be taking relationship one daytime happy wanted to spend time liked am made solid permanent thing made believe long haul wanted me that started calling girlfriend suggested introducing parents planned trips together I'm angry changed min dim angry still likes me happy me genuinely sees ruining good thing still continues anyway I'm angry despite telling the closest friends already feeling day telling decision yet get touch make sure I'm okay people friends decade shaped life personality likes dislikes people know best know struggle depression anxiety know history drug abuse red flag attempts failed medications therapy sessions know reach need help I'm the lowest keep myself want end life day told thinking want to told needed help told much live for make list told me plans weekend cancel despite everything boy told would me friend want life friend want to continue boyfriend understand cannot force that hurts know can't like again know live friend nothing more always going want more think fair either us, but actual friends stopped caring clearly I've cried wolf one many times maybe time cry wolf maybe time ill it goes ahead original plan end all sad sounds reason go ahead kill soon left yesterday hope might change mind hope dwindling second"},"meta":{},"created_at":"2024-11-18T09:13:30.660820Z","updated_at":"2024-11-18T09:52:17.855531Z","inner_id":13,"total_annotations":1,"cancelled_annotations":0,"total_predictions":1,"comment_count":0,"unresolved_comment_count":0,"last_comment_updated_at":null,"project":4,"updated_by":1,"comment_authors":[]},{"id":27993,"annotations":[{"id":14,"completed_by":1,"result":[{"value":{"start":0,"end":6,"text":"Family","labels":["NORP"]},"id":"eVjIWvtl9D","from_name":"label","to_name":"text","type":"labels","origin":"manual"},{"value":{"start":7,"end":14,"text":"friends","labels":["PERSON"]},"id":"rQR41Rnty0","from_name":"label","to_name":"text","type":"labels","origin":"manual"},{"value":{"start":129,"end":135,"text":"anyone","labels":["PERSON"]},"id":"XjQW_YrLng","from_name":"label","to_name":"text","type":"labels","origin":"manual"},{"value":{"start":155,"end":162,"text":"someone","labels":["PERSON"]},"id":"qec_MmRTG9","from_name":"label","to_name":"text","type":"labels","origin":"manual"},{"value":{"start":224,"end":228,"text":"sick","labels":["EVENT"]},"id":"BItrht2vFy","from_name":"label","to_name":"text","type":"labels","origin":"manual"},{"value":{"start":29,"end":35,"text":"people","labels":["PERSON"]},"id":"cXtccTYIub","from_name":"label","to_name":"text","type":"labels","origin":"manual"}],"was_cancelled":false,"ground_truth":false,"created_at":"2024-11-18T09:53:40.282447Z","updated_at":"2024-11-18T09:53:40.282460Z","draft_created_at":"2024-11-18T09:53:14.467033Z","lead_time":74.364,"prediction":{"id":14,"result":[{"from_name":"label","to_name":"text","type":"labels","value":{"start":73,"end":94,"text":"trust issues paranoia","labels":["SYMPTOM"]}}],"model_version":"entity_ruler","created_ago":"40 minutes","score":null,"cluster":null,"neighbors":null,"mislabeling":0.0,"created_at":"2024-11-18T09:13:30.670610Z","updated_at":"2024-11-18T09:13:30.670616Z","model":null,"model_run":null,"task":27993,"project":4},"result_count":0,"unique_id":"48fc6385-ae3e-4f02-b6d5-31a595af05eb","import_id":null,"last_action":null,"task":27993,"project":4,"updated_by":1,"parent_prediction":14,"parent_annotation":null,"last_created_by":null}],"file_upload":"8e967a4b-tasks_70_100_custom_labels.json","drafts":[],"predictions":[14],"data":{"text":"Family friends one talk toad people internet offer talk them also severe trust issues paranoia cant develop healthy relationship anyone unless comfortable someone tell really feel basically I'm trapped mind able tell anyone sick really want die"},"meta":{},"created_at":"2024-11-18T09:13:30.660868Z","updated_at":"2024-11-18T09:53:40.299685Z","inner_id":14,"total_annotations":1,"cancelled_annotations":0,"total_predictions":1,"comment_count":0,"unresolved_comment_count":0,"last_comment_updated_at":null,"project":4,"updated_by":1,"comment_authors":[]},{"id":27994,"annotations":[{"id":15,"completed_by":1,"result":[{"value":{"start":136,"end":143,"text":"England","labels":["GPE"]},"id":"5wLS9rzod9","from_name":"label","to_name":"text","type":"labels","origin":"manual"},{"value":{"start":150,"end":158,"text":"euro cup","labels":["EVENT"]},"id":"RjBtlrou6C","from_name":"label","to_name":"text","type":"labels","origin":"manual"},{"value":{"start":159,"end":167,"text":"football","labels":["EVENT"]},"id":"q0Fd_Sr1EF","from_name":"label","to_name":"text","type":"labels","origin":"manual"},{"value":{"start":226,"end":233,"text":"country","labels":["LOC"]},"id":"Sn5N3K45jZ","from_name":"label","to_name":"text","type":"labels","origin":"manual"},{"value":{"start":300,"end":305,"text":"death","labels":["EVENT"]},"id":"AHvQU7CP7y","from_name":"label","to_name":"text","type":"labels","origin":"manual"}],"was_cancelled":false,"ground_truth":false,"created_at":"2024-11-18T09:54:39.457796Z","updated_at":"2024-11-18T09:54:39.457807Z","draft_created_at":"2024-11-18T09:53:58.582132Z","lead_time":56.889,"prediction":{"id":15,"result":[],"model_version":"entity_ruler","created_ago":"41 minutes","score":null,"cluster":null,"neighbors":null,"mislabeling":0.0,"created_at":"2024-11-18T09:13:30.670632Z","updated_at":"2024-11-18T09:13:30.670638Z","model":null,"model_run":null,"task":27994,"project":4},"result_count":0,"unique_id":"8722a278-244f-477e-8202-86d7849d275b","import_id":null,"last_action":null,"task":27994,"project":4,"updated_by":1,"parent_prediction":15,"parent_annotation":null,"last_created_by":null}],"file_upload":"8e967a4b-tasks_70_100_custom_labels.json","drafts":[],"predictions":[15],"data":{"text":"Damn miserable alone loner confidence awful pitiful miserable existence cinema alone one go with everything life miserable alone nobody England final euro cup football nobody watch match with even though monumental huge thing country being alone fucking awful spend life alone remain miserable alone death life fucking awful cope miserable alone loner confidence"},"meta":{},"created_at":"2024-11-18T09:13:30.660917Z","updated_at":"2024-11-18T09:54:39.475210Z","inner_id":15,"total_annotations":1,"cancelled_annotations":0,"total_predictions":1,"comment_count":0,"unresolved_comment_count":0,"last_comment_updated_at":null,"project":4,"updated_by":1,"comment_authors":[]},{"id":27995,"annotations":[{"id":16,"completed_by":1,"result":[{"value":{"start":348,"end":353,"text":"tired","labels":["PERSON"]},"id":"n6edkkFwWr","from_name":"label","to_name":"text","type":"labels","origin":"prediction-changed"},{"value":{"start":12,"end":19,"text":"postman","labels":["PERSON"]},"id":"lUq7a58-YH","from_name":"label","to_name":"text","type":"labels","origin":"manual"},{"value":{"start":1,"end":6,"text":"Years","labels":["CARDINAL"]},"id":"pVUPv4ANi6","from_name":"label","to_name":"text","type":"labels","origin":"manual"},{"value":{"start":377,"end":389,"text":"helium tanks","labels":["PRODUCT"]},"id":"4Upy88pvRi","from_name":"label","to_name":"text","type":"labels","origin":"manual"},{"value":{"start":417,"end":421,"text":"life","labels":["EVENT"]},"id":"KBPDnAfuqV","from_name":"label","to_name":"text","type":"labels","origin":"manual"}],"was_cancelled":false,"ground_truth":false,"created_at":"2024-11-18T09:55:38.787593Z","updated_at":"2024-11-18T09:55:38.787604Z","draft_created_at":"2024-11-18T09:54:54.839409Z","lead_time":58.371,"prediction":{"id":16,"result":[{"from_name":"label","to_name":"text","type":"labels","value":{"start":348,"end":353,"text":"tired","labels":["SYMPTOM"]}}],"model_version":"entity_ruler","created_ago":"42 minutes","score":null,"cluster":null,"neighbors":null,"mislabeling":0.0,"created_at":"2024-11-18T09:13:30.670657Z","updated_at":"2024-11-18T09:13:30.670663Z","model":null,"model_run":null,"task":27995,"project":4},"result_count":0,"unique_id":"9b33cea6-5b46-4b26-a4d3-4ec50ba2da1d","import_id":null,"last_action":null,"task":27995,"project":4,"updated_by":1,"parent_prediction":16,"parent_annotation":null,"last_created_by":null}],"file_upload":"8e967a4b-tasks_70_100_custom_labels.json","drafts":[],"predictions":[16],"data":{"text":" Years last postman helped overcome last rock bottom years ago would like share update still alive still constantly thinking ending life sometimes manage distract never long time today ordered helium tanks feel like really tried years find happiness find way accept scars find way fill endless hole inside me can't everyone tells give another year tired trying want peace days helium tanks arrive finally end sadness life remember me want know really tried to overcome years extra thank investing energy time trying save me"},"meta":{},"created_at":"2024-11-18T09:13:30.660985Z","updated_at":"2024-11-18T09:55:38.803497Z","inner_id":16,"total_annotations":1,"cancelled_annotations":0,"total_predictions":1,"comment_count":0,"unresolved_comment_count":0,"last_comment_updated_at":null,"project":4,"updated_by":1,"comment_authors":[]},{"id":27996,"annotations":[{"id":17,"completed_by":1,"result":[{"value":{"start":36,"end":44,"text":"hospital","labels":["FAC"]},"id":"dmANj7BbSk","from_name":"label","to_name":"text","type":"labels","origin":"manual"},{"value":{"start":97,"end":107,"text":"programmer","labels":["PERSON"]},"id":"L00YB_BVCl","from_name":"label","to_name":"text","type":"labels","origin":"manual"},{"value":{"start":143,"end":154,"text":"Eric linden","labels":["PERSON"]},"id":"LyJpdqno7s","from_name":"label","to_name":"text","type":"labels","origin":"manual"},{"value":{"start":172,"end":179,"text":"husband","labels":["PERSON"]},"id":"I5zR3jHD2R","from_name":"label","to_name":"text","type":"labels","origin":"manual"},{"value":{"start":232,"end":245,"text":"Loretta young","labels":["PERSON"]},"id":"lX8HiLBaOd","from_name":"label","to_name":"text","type":"labels","origin":"manual"},{"value":{"start":274,"end":280,"text":"prison","labels":["FAC"]},"id":"CEOf75Tp9U","from_name":"label","to_name":"text","type":"labels","origin":"manual"},{"value":{"start":259,"end":273,"text":"beginning year","labels":["DATE"]},"id":"-TBI9FkGS7","from_name":"label","to_name":"text","type":"labels","origin":"manual"},{"value":{"start":324,"end":332,"text":"ms young","labels":["PERSON"]},"id":"YXFzwz2t1y","from_name":"label","to_name":"text","type":"labels","origin":"manual"},{"value":{"start":359,"end":367,"text":"audience","labels":["PERSON"]},"id":"sJobOnwzJZ","from_name":"label","to_name":"text","type":"labels","origin":"manual"},{"value":{"start":445,"end":454,"text":"pregnancy","labels":["EVENT"]},"id":"eW5GutZgZK","from_name":"label","to_name":"text","type":"labels","origin":"manual"},{"value":{"start":469,"end":474,"text":"girls","labels":["PERSON"]},"id":"dMygbC74qg","from_name":"label","to_name":"text","type":"labels","origin":"manual"},{"value":{"start":475,"end":479,"text":"ward","labels":["FAC"]},"id":"Oe-SqRpwuY","from_name":"label","to_name":"text","type":"labels","origin":"manual"},{"value":{"start":536,"end":549,"text":"Aline McMahon","labels":["PERSON"]},"id":"Kw7o7biUvS","from_name":"label","to_name":"text","type":"labels","origin":"manual"},{"value":{"start":554,"end":560,"text":"cinema","labels":["FAC"]},"id":"kGjXwzn0c6","from_name":"label","to_name":"text","type":"labels","origin":"manual"},{"value":{"start":569,"end":578,"text":"actresses","labels":["PERSON"]},"id":"K2lxvgZNgH","from_name":"label","to_name":"text","type":"labels","origin":"manual"},{"value":{"start":604,"end":617,"text":"David Thomson","labels":["PERSON"]},"id":"fTtp6IVeN3","from_name":"label","to_name":"text","type":"labels","origin":"manual"},{"value":{"start":653,"end":667,"text":"Glenda Farrell","labels":["PERSON"]},"id":"neKmVDZxma","from_name":"label","to_name":"text","type":"labels","origin":"manual"},{"value":{"start":647,"end":652,"text":"nurse","labels":["PERSON"]},"id":"b8uDuShtz_","from_name":"label","to_name":"text","type":"labels","origin":"manual"},{"value":{"start":708,"end":722,"text":"Frankie johnny","labels":["PERSON"]},"id":"e4IGknbfdO","from_name":"label","to_name":"text","type":"labels","origin":"manual"},{"value":{"start":739,"end":751,"text":"frank McHugh","labels":["PERSON"]},"id":"4zop4SseHz","from_name":"label","to_name":"text","type":"labels","origin":"manual"},{"value":{"start":792,"end":798,"text":"Warner","labels":["ORG"]},"id":"fPGYWh75yB","from_name":"label","to_name":"text","type":"labels","origin":"manual"},{"value":{"start":792,"end":798,"text":"Warner","labels":["PERSON"]},"id":"KnfiVcGJ7_","from_name":"label","to_name":"text","type":"labels","origin":"manual"},{"value":{"start":861,"end":864,"text":"dad","labels":["PERSON"]},"id":"8uhAG0OqXq","from_name":"label","to_name":"text","type":"labels","origin":"manual"},{"value":{"start":933,"end":936,"text":"kid","labels":["PERSON"]},"id":"rfeVg_tmeO","from_name":"label","to_name":"text","type":"labels","origin":"manual"}],"was_cancelled":false,"ground_truth":false,"created_at":"2024-11-18T09:58:47.661776Z","updated_at":"2024-11-18T09:58:47.661791Z","draft_created_at":"2024-11-18T09:56:24.526458Z","lead_time":186.01,"prediction":{"id":17,"result":[{"from_name":"label","to_name":"text","type":"labels","value":{"start":36,"end":44,"text":"hospital","labels":["TREATMENT"]}}],"model_version":"entity_ruler","created_ago":"45 minutes","score":null,"cluster":null,"neighbors":null,"mislabeling":0.0,"created_at":"2024-11-18T09:13:30.670682Z","updated_at":"2024-11-18T09:13:30.670688Z","model":null,"model_run":null,"task":27996,"project":4},"result_count":0,"unique_id":"6502e431-fb42-48ab-8adc-a870b8364b38","import_id":null,"last_action":null,"task":27996,"project":4,"updated_by":1,"parent_prediction":17,"parent_annotation":null,"last_created_by":null}],"file_upload":"8e967a4b-tasks_70_100_custom_labels.json","drafts":[],"predictions":[17],"data":{"text":"Sort like primitive episode general hospital set natal ward and one tough cases that fast moving programmer satisfying emotional impact mainly Eric linden distraught young husband main plot palpably wreck good reason expectant wife Loretta young brought ward beginning year prison sentence offing lecher probably coming him ms young always anything disinvite audience sympathy little good true though sympathetic lovely look at course difficult pregnancy relationships girls ward from heart movie outcome entirely happy one feels right Aline McMahon one cinema perfect actresses apt words film historian David Thomson exudes warmth authority head nurse Glenda Farrell nonetoowilling new mom twins gets croon Frankie johnny drunken lullaby frank McHugh figures another subplot gets show range Warner usually permitted him scaled paced modestly lindens expectant dad panic stays days sort part often played laughs he's terrified young kid trouble persuasive"},"meta":{},"created_at":"2024-11-18T09:13:30.661044Z","updated_at":"2024-11-18T09:58:47.677498Z","inner_id":17,"total_annotations":1,"cancelled_annotations":0,"total_predictions":1,"comment_count":0,"unresolved_comment_count":0,"last_comment_updated_at":null,"project":4,"updated_by":1,"comment_authors":[]},{"id":27997,"annotations":[{"id":18,"completed_by":1,"result":[{"value":{"start":13,"end":20,"text":"someone","labels":["PERSON"]},"id":"Aorkm6QR36","from_name":"label","to_name":"text","type":"labels","origin":"manual"}],"was_cancelled":false,"ground_truth":false,"created_at":"2024-11-18T09:59:24.771842Z","updated_at":"2024-11-18T09:59:24.771853Z","draft_created_at":"2024-11-18T09:58:58.769681Z","lead_time":34.988,"prediction":{"id":18,"result":[],"model_version":"entity_ruler","created_ago":"45 minutes","score":null,"cluster":null,"neighbors":null,"mislabeling":0.0,"created_at":"2024-11-18T09:13:30.670704Z","updated_at":"2024-11-18T09:13:30.670710Z","model":null,"model_run":null,"task":27997,"project":4},"result_count":0,"unique_id":"0402adea-8d98-4cb5-8db3-2c7ddb413ff4","import_id":null,"last_action":null,"task":27997,"project":4,"updated_by":1,"parent_prediction":18,"parent_annotation":null,"last_created_by":null}],"file_upload":"8e967a4b-tasks_70_100_custom_labels.json","drafts":[],"predictions":[18],"data":{"text":"Im bored ASF someone entertain please like anything want to dm"},"meta":{},"created_at":"2024-11-18T09:13:30.661092Z","updated_at":"2024-11-18T09:59:24.785601Z","inner_id":18,"total_annotations":1,"cancelled_annotations":0,"total_predictions":1,"comment_count":0,"unresolved_comment_count":0,"last_comment_updated_at":null,"project":4,"updated_by":1,"comment_authors":[]},{"id":27998,"annotations":[{"id":19,"completed_by":1,"result":[{"value":{"start":63,"end":69,"text":"people","labels":["NORP"]},"id":"duejcxfw2a","from_name":"label","to_name":"text","type":"labels","origin":"manual"},{"value":{"start":101,"end":103,"text":"ex","labels":["PERSON"]},"id":"0FERV3_cXp","from_name":"label","to_name":"text","type":"labels","origin":"manual"},{"value":{"start":124,"end":127,"text":"man","labels":["PERSON"]},"id":"vYWWPZJiy2","from_name":"label","to_name":"text","type":"labels","origin":"manual"},{"value":{"start":170,"end":177,"text":"someone","labels":["PERSON"]},"id":"JyPEK34ieM","from_name":"label","to_name":"text","type":"labels","origin":"manual"}],"was_cancelled":false,"ground_truth":false,"created_at":"2024-11-18T10:00:18.154483Z","updated_at":"2024-11-18T10:00:18.154503Z","draft_created_at":"2024-11-18T10:00:05.983315Z","lead_time":51.784,"prediction":{"id":19,"result":[],"model_version":"entity_ruler","created_ago":"46 minutes","score":null,"cluster":null,"neighbors":null,"mislabeling":0.0,"created_at":"2024-11-18T09:13:30.670726Z","updated_at":"2024-11-18T09:13:30.670731Z","model":null,"model_run":null,"task":27998,"project":4},"result_count":0,"unique_id":"7d7d4f75-af00-4364-af19-8200c6d47fc7","import_id":null,"last_action":null,"task":27998,"project":4,"updated_by":1,"parent_prediction":19,"parent_annotation":null,"last_created_by":null}],"file_upload":"8e967a4b-tasks_70_100_custom_labels.json","drafts":[],"predictions":[19],"data":{"text":"Reading likely know feeling also reading may realize important people talk getting this one any more ex took them found new man took everything still admire her why want someone ask question too god hate this realized position people talk too not"},"meta":{},"created_at":"2024-11-18T09:13:30.661144Z","updated_at":"2024-11-18T10:00:18.167540Z","inner_id":19,"total_annotations":1,"cancelled_annotations":0,"total_predictions":1,"comment_count":0,"unresolved_comment_count":0,"last_comment_updated_at":null,"project":4,"updated_by":1,"comment_authors":[]},{"id":28000,"annotations":[{"id":20,"completed_by":1,"result":[{"value":{"start":24,"end":28,"text":"acid","labels":["PRODUCT"]},"id":"Dpsj9vD-FX","from_name":"label","to_name":"text","type":"labels","origin":"manual"}],"was_cancelled":false,"ground_truth":false,"created_at":"2024-11-18T10:00:56.386043Z","updated_at":"2024-11-18T10:00:56.386054Z","draft_created_at":null,"lead_time":28.809,"prediction":{"id":21,"result":[],"model_version":"entity_ruler","created_ago":"47 minutes","score":null,"cluster":null,"neighbors":null,"mislabeling":0.0,"created_at":"2024-11-18T09:13:30.670768Z","updated_at":"2024-11-18T09:13:30.670773Z","model":null,"model_run":null,"task":28000,"project":4},"result_count":0,"unique_id":"c867a357-4e48-4030-a242-889cacddb310","import_id":null,"last_action":null,"task":28000,"project":4,"updated_by":1,"parent_prediction":21,"parent_annotation":null,"last_created_by":null}],"file_upload":"8e967a4b-tasks_70_100_custom_labels.json","drafts":[],"predictions":[21],"data":{"text":"Honestly fuck I'm gonna acid like want to try astral projection yeah"},"meta":{},"created_at":"2024-11-18T09:13:30.661235Z","updated_at":"2024-11-18T10:00:56.402516Z","inner_id":21,"total_annotations":1,"cancelled_annotations":0,"total_predictions":1,"comment_count":0,"unresolved_comment_count":0,"last_comment_updated_at":null,"project":4,"updated_by":1,"comment_authors":[]},{"id":28001,"annotations":[{"id":21,"completed_by":1,"result":[{"value":{"start":168,"end":183,"text":"kissless virgin","labels":["PERSON"]},"id":"y9eM9ppVpd","from_name":"label","to_name":"text","type":"labels","origin":"manual"},{"value":{"start":252,"end":260,"text":"somebody","labels":["PERSON"]},"id":"6JNTFU1AGD","from_name":"label","to_name":"text","type":"labels","origin":"manual"},{"value":{"start":267,"end":272,"text":"shoot","labels":["EVENT"]},"id":"WMeviz0VWd","from_name":"label","to_name":"text","type":"labels","origin":"manual"}],"was_cancelled":false,"ground_truth":false,"created_at":"2024-11-18T10:02:00.643410Z","updated_at":"2024-11-18T10:02:00.643423Z","draft_created_at":"2024-11-18T10:01:33.098260Z","lead_time":63.238,"prediction":{"id":22,"result":[],"model_version":"entity_ruler","created_ago":"48 minutes","score":null,"cluster":null,"neighbors":null,"mislabeling":0.0,"created_at":"2024-11-18T09:13:30.670789Z","updated_at":"2024-11-18T09:13:30.670794Z","model":null,"model_run":null,"task":28001,"project":4},"result_count":0,"unique_id":"857dd0f1-7123-4850-9942-3f0ce1258d8c","import_id":null,"last_action":null,"task":28001,"project":4,"updated_by":1,"parent_prediction":22,"parent_annotation":null,"last_created_by":null}],"file_upload":"8e967a4b-tasks_70_100_custom_labels.json","drafts":[],"predictions":[22],"data":{"text":"Got rejected job basically got rejected personality enthusiastic enough reserved truly realize bad introvert actually is self esteem already completely ruined year old kissless virgin utterly annihilated truly feel like I'm worthless allowed live wish somebody would shoot bullet head end misery"},"meta":{},"created_at":"2024-11-18T09:13:30.661283Z","updated_at":"2024-11-18T10:02:00.659800Z","inner_id":22,"total_annotations":1,"cancelled_annotations":0,"total_predictions":1,"comment_count":0,"unresolved_comment_count":0,"last_comment_updated_at":null,"project":4,"updated_by":1,"comment_authors":[]},{"id":28002,"annotations":[{"id":22,"completed_by":1,"result":[{"value":{"start":0,"end":6,"text":"Anyone","labels":["PERSON"]},"id":"EsIa-2jgBm","from_name":"label","to_name":"text","type":"labels","origin":"manual"},{"value":{"start":19,"end":28,"text":"disasters","labels":["EVENT"]},"id":"KYc1eziyil","from_name":"label","to_name":"text","type":"labels","origin":"manual"},{"value":{"start":36,"end":42,"text":"months","labels":["TIME"]},"id":"Vihkj1fAjK","from_name":"label","to_name":"text","type":"labels","origin":"manual"},{"value":{"start":52,"end":56,"text":"year","labels":["TIME"]},"id":"i9GlpCxxOY","from_name":"label","to_name":"text","type":"labels","origin":"manual"},{"value":{"start":74,"end":83,"text":"tragedies","labels":["EVENT"]},"id":"GzV_omaNU8","from_name":"label","to_name":"text","type":"labels","origin":"manual"}],"was_cancelled":false,"ground_truth":false,"created_at":"2024-11-18T10:02:25.850905Z","updated_at":"2024-11-18T10:02:25.850915Z","draft_created_at":"2024-11-18T10:02:14.467113Z","lead_time":24.352,"prediction":{"id":23,"result":[],"model_version":"entity_ruler","created_ago":"48 minutes","score":null,"cluster":null,"neighbors":null,"mislabeling":0.0,"created_at":"2024-11-18T09:13:30.670810Z","updated_at":"2024-11-18T09:13:30.670815Z","model":null,"model_run":null,"task":28002,"project":4},"result_count":0,"unique_id":"86351871-f5bc-4c3b-862e-98da9a84d0d7","import_id":null,"last_action":null,"task":28002,"project":4,"updated_by":1,"parent_prediction":23,"parent_annotation":null,"last_created_by":null}],"file_upload":"8e967a4b-tasks_70_100_custom_labels.json","drafts":[],"predictions":[23],"data":{"text":"Anyone predictions disasters coming months one hope year won't bring many tragedies last let's make guesses anyway"},"meta":{},"created_at":"2024-11-18T09:13:30.661329Z","updated_at":"2024-11-18T10:02:25.861867Z","inner_id":23,"total_annotations":1,"cancelled_annotations":0,"total_predictions":1,"comment_count":0,"unresolved_comment_count":0,"last_comment_updated_at":null,"project":4,"updated_by":1,"comment_authors":[]},{"id":28003,"annotations":[{"id":23,"completed_by":1,"result":[{"value":{"start":34,"end":46,"text":"couple years","labels":["TIME"]},"id":"2OCjCQHgDv","from_name":"label","to_name":"text","type":"labels","origin":"manual"},{"value":{"start":158,"end":171,"text":"skateboarding","labels":["EVENT"]},"id":"tF5Mlxcn36","from_name":"label","to_name":"text","type":"labels","origin":"manual"},{"value":{"start":172,"end":176,"text":"girl","labels":["PERSON"]},"id":"J_WF-Gvsqd","from_name":"label","to_name":"text","type":"labels","origin":"manual"},{"value":{"start":183,"end":192,"text":"last year","labels":["TIME"]},"id":"4vPjcwQdq_","from_name":"label","to_name":"text","type":"labels","origin":"manual"},{"value":{"start":370,"end":390,"text":"since first semester","labels":["TIME"]},"id":"S-sGEGbCQ_","from_name":"label","to_name":"text","type":"labels","origin":"manual"},{"value":{"start":398,"end":405,"text":"parents","labels":["PERSON"]},"id":"RG2iSr1JBk","from_name":"label","to_name":"text","type":"labels","origin":"manual"},{"value":{"start":268,"end":275,"text":"college","labels":["ORG"]},"id":"DWCsvumkAO","from_name":"label","to_name":"text","type":"labels","origin":"manual"},{"value":{"start":593,"end":600,"text":"iceberg","labels":["LOC"]},"id":"tZ2zNulnUm","from_name":"label","to_name":"text","type":"labels","origin":"manual"},{"value":{"start":516,"end":538,"text":"skateboarding industry","labels":["ORG"]},"id":"srXJ4TlQSj","from_name":"label","to_name":"text","type":"labels","origin":"manual"},{"value":{"start":817,"end":824,"text":"someone","labels":["PERSON"]},"id":"yVk1IrTCU3","from_name":"label","to_name":"text","type":"labels","origin":"manual"},{"value":{"start":851,"end":862,"text":"pill bottle","labels":["PRODUCT"]},"id":"Ogwl_n8Wr8","from_name":"label","to_name":"text","type":"labels","origin":"manual"},{"value":{"start":908,"end":913,"text":"night","labels":["TIME"]},"id":"k0CZ89p4Zm","from_name":"label","to_name":"text","type":"labels","origin":"manual"}],"was_cancelled":false,"ground_truth":false,"created_at":"2024-11-18T10:05:05.105349Z","updated_at":"2024-11-18T10:05:10.479173Z","draft_created_at":"2024-11-18T10:02:44.767049Z","lead_time":160.767,"prediction":{"id":24,"result":[{"from_name":"label","to_name":"text","type":"labels","value":{"start":545,"end":552,"text":"working","labels":["TREATMENT"]}},{"from_name":"label","to_name":"text","type":"labels","value":{"start":851,"end":862,"text":"pill bottle","labels":["MEDICATION"]}}],"model_version":"entity_ruler","created_ago":"51 minutes","score":null,"cluster":null,"neighbors":null,"mislabeling":0.0,"created_at":"2024-11-18T09:13:30.670839Z","updated_at":"2024-11-18T09:13:30.670844Z","model":null,"model_run":null,"task":28003,"project":4},"result_count":0,"unique_id":"d8286908-0e33-4156-88c2-b1767598945f","import_id":null,"last_action":null,"task":28003,"project":4,"updated_by":1,"parent_prediction":24,"parent_annotation":null,"last_created_by":null}],"file_upload":"8e967a4b-tasks_70_100_custom_labels.json","drafts":[],"predictions":[24],"data":{"text":"Feel completely lifeless felt way couple years now hardly feel real emotion put happy face throughout day want nothing break get home can't thing keeps happy skateboarding girl loved last year's life seeing totally dropped life feel left nothing I'm start second year college royally fucked first year I'm pretty much retaking classes get kicked I've academic probation since first semester course parents know make seem everything great ill never able hold steady job life know fact ill either able find job within skateboarding industry stuck working pathetic job rest useless existence tip iceberg terrible person am could go day terrible things done huge disappointment parents generally worthless am I'm ready end all I've thought rational irrational times decided what's best me world around leaving make space someone succeed won't want to die pill bottle could demise mere feet away calling possibly night end bullshit"},"meta":{},"created_at":"2024-11-18T09:13:30.661378Z","updated_at":"2024-11-18T10:05:10.498666Z","inner_id":24,"total_annotations":1,"cancelled_annotations":0,"total_predictions":1,"comment_count":0,"unresolved_comment_count":0,"last_comment_updated_at":null,"project":4,"updated_by":1,"comment_authors":[]},{"id":28004,"annotations":[{"id":24,"completed_by":1,"result":[{"value":{"start":5,"end":15,"text":"Bryce hall","labels":["PERSON"]},"id":"j-NEZ8HwCq","from_name":"label","to_name":"text","type":"labels","origin":"manual"}],"was_cancelled":false,"ground_truth":false,"created_at":"2024-11-18T10:05:32.671081Z","updated_at":"2024-11-18T10:05:32.671093Z","draft_created_at":null,"lead_time":21.243,"prediction":{"id":25,"result":[],"model_version":"entity_ruler","created_ago":"52 minutes","score":null,"cluster":null,"neighbors":null,"mislabeling":0.0,"created_at":"2024-11-18T09:13:30.670860Z","updated_at":"2024-11-18T09:13:30.670865Z","model":null,"model_run":null,"task":28004,"project":4},"result_count":0,"unique_id":"15a3484d-3d31-4787-a0f3-a401033f5b06","import_id":null,"last_action":null,"task":28004,"project":4,"updated_by":1,"parent_prediction":25,"parent_annotation":null,"last_created_by":null}],"file_upload":"8e967a4b-tasks_70_100_custom_labels.json","drafts":[],"predictions":[25],"data":{"text":"Hate Bryce hall wanted to make clear bye"},"meta":{},"created_at":"2024-11-18T09:13:30.661422Z","updated_at":"2024-11-18T10:05:32.686378Z","inner_id":25,"total_annotations":1,"cancelled_annotations":0,"total_predictions":1,"comment_count":0,"unresolved_comment_count":0,"last_comment_updated_at":null,"project":4,"updated_by":1,"comment_authors":[]},{"id":28005,"annotations":[{"id":25,"completed_by":1,"result":[{"value":{"start":131,"end":136,"text":"girls","labels":["PERSON"]},"id":"cgf1VXAybx","from_name":"label","to_name":"text","type":"labels","origin":"manual"},{"value":{"start":161,"end":169,"text":"siblings","labels":["PERSON"]},"id":"bLpD-Hi9Rl","from_name":"label","to_name":"text","type":"labels","origin":"manual"},{"value":{"start":170,"end":176,"text":"cousin","labels":["PERSON"]},"id":"OcN4kc8Naj","from_name":"label","to_name":"text","type":"labels","origin":"manual"},{"value":{"start":207,"end":216,"text":"relatives","labels":["PERSON"]},"id":"gBKvZWFBa1","from_name":"label","to_name":"text","type":"labels","origin":"manual"},{"value":{"start":217,"end":223,"text":"uncles","labels":["PERSON"]},"id":"wdVLbwz7he","from_name":"label","to_name":"text","type":"labels","origin":"manual"},{"value":{"start":224,"end":229,"text":"aunts","labels":["PERSON"]},"id":"J8bz7RXLOx","from_name":"label","to_name":"text","type":"labels","origin":"manual"},{"value":{"start":265,"end":272,"text":"parents","labels":["PERSON"]},"id":"MU1zehHiiK","from_name":"label","to_name":"text","type":"labels","origin":"manual"},{"value":{"start":181,"end":192,"text":"extraverted","labels":["NORP"]},"id":"sIyQEp5YDJ","from_name":"label","to_name":"text","type":"labels","origin":"manual"},{"value":{"start":410,"end":421,"text":"introverted","labels":["NORP"]},"id":"VlfY3gAHZk","from_name":"label","to_name":"text","type":"labels","origin":"manual"},{"value":{"start":13,"end":21,"text":"ambivert","labels":["NORP"]},"id":"AaRGDZ-DWy","from_name":"label","to_name":"text","type":"labels","origin":"manual"},{"value":{"start":430,"end":437,"text":"friends","labels":["PERSON"]},"id":"d4YABnJT2A","from_name":"label","to_name":"text","type":"labels","origin":"manual"}],"was_cancelled":false,"ground_truth":false,"created_at":"2024-11-18T10:06:35.636939Z","updated_at":"2024-11-18T10:06:35.636952Z","draft_created_at":"2024-11-18T10:05:58.295826Z","lead_time":62.122,"prediction":{"id":26,"result":[],"model_version":"entity_ruler","created_ago":"53 minutes","score":null,"cluster":null,"neighbors":null,"mislabeling":0.0,"created_at":"2024-11-18T09:13:30.670881Z","updated_at":"2024-11-18T09:13:30.670887Z","model":null,"model_run":null,"task":28005,"project":4},"result_count":0,"unique_id":"2de36d83-b5c3-478e-9cea-28e2bd595abb","import_id":null,"last_action":null,"task":28005,"project":4,"updated_by":1,"parent_prediction":26,"parent_annotation":null,"last_created_by":null}],"file_upload":"8e967a4b-tasks_70_100_custom_labels.json","drafts":[],"predictions":[26],"data":{"text":"Weird or I'm ambivert already tell pretty weird me scenarios I've every one either extravert part kicks introverted part does talk girls I'm extraverted talking siblings cousin sim extraverted talking older relatives uncles aunts etc. I'm introverted this includes parents too talking random people I've never met probably the weirdest one them depending on they're looks age gender depends on I'm extraverted introverted talking friends think two friends talk without introverted pretty decent amount friends too weird"},"meta":{},"created_at":"2024-11-18T09:13:30.661470Z","updated_at":"2024-11-18T10:06:35.654313Z","inner_id":26,"total_annotations":1,"cancelled_annotations":0,"total_predictions":1,"comment_count":0,"unresolved_comment_count":0,"last_comment_updated_at":null,"project":4,"updated_by":1,"comment_authors":[]},{"id":28006,"annotations":[{"id":26,"completed_by":1,"result":[{"value":{"start":0,"end":9,"text":"Weeks ago","labels":["TIME"]},"id":"8Pkm_q8O_o","from_name":"label","to_name":"text","type":"labels","origin":"manual"},{"value":{"start":42,"end":48,"text":"Reddit","labels":["ORG"]},"id":"bW1zHPV-5i","from_name":"label","to_name":"text","type":"labels","origin":"manual"},{"value":{"start":81,"end":88,"text":"friends","labels":["PERSON"]},"id":"8v1Y_gtVXr","from_name":"label","to_name":"text","type":"labels","origin":"manual"},{"value":{"start":199,"end":209,"text":"saved life","labels":["EVENT"]},"id":"Tb1tkNhB85","from_name":"label","to_name":"text","type":"labels","origin":"manual"},{"value":{"start":303,"end":306,"text":"app","labels":["PRODUCT"]},"id":"siAgECm_tf","from_name":"label","to_name":"text","type":"labels","origin":"manual"}],"was_cancelled":false,"ground_truth":false,"created_at":"2024-11-18T10:07:46.617943Z","updated_at":"2024-11-18T10:07:46.617953Z","draft_created_at":"2024-11-18T10:06:51.674372Z","lead_time":70.054,"prediction":{"id":27,"result":[],"model_version":"entity_ruler","created_ago":"54 minutes","score":null,"cluster":null,"neighbors":null,"mislabeling":0.0,"created_at":"2024-11-18T09:13:30.670902Z","updated_at":"2024-11-18T09:13:30.670908Z","model":null,"model_run":null,"task":28006,"project":4},"result_count":0,"unique_id":"24c79b2d-fa3e-4b92-8ec7-651e2ee784ed","import_id":null,"last_action":null,"task":28006,"project":4,"updated_by":1,"parent_prediction":27,"parent_annotation":null,"last_created_by":null}],"file_upload":"8e967a4b-tasks_70_100_custom_labels.json","drafts":[],"predictions":[27],"data":{"text":"Weeks ago saved friend red flag suspended Reddit day got unbanned checked online friends accounts one active rredflagwatch going to commit days talked it still talk day pissed got banned temporarily saved life end probably wouldn't checked account didn't happen btw know check accounts posts banned put app took break would terrify check wouldn't able message talk out"},"meta":{},"created_at":"2024-11-18T09:13:30.661516Z","updated_at":"2024-11-18T10:07:46.630052Z","inner_id":27,"total_annotations":1,"cancelled_annotations":0,"total_predictions":1,"comment_count":0,"unresolved_comment_count":0,"last_comment_updated_at":null,"project":4,"updated_by":1,"comment_authors":[]},{"id":28007,"annotations":[{"id":27,"completed_by":1,"result":[{"value":{"start":49,"end":60,"text":"Christopher","labels":["PERSON"]},"id":"8OCsK8JDbh","from_name":"label","to_name":"text","type":"labels","origin":"manual"},{"value":{"start":37,"end":42,"text":"royal","labels":["WORK_OF_ART"]},"id":"Gi3aXHDKyY","from_name":"label","to_name":"text","type":"labels","origin":"manual"},{"value":{"start":43,"end":48,"text":"irony","labels":["WORK_OF_ART"]},"id":"CiMkWmW_1W","from_name":"label","to_name":"text","type":"labels","origin":"manual"},{"value":{"start":30,"end":36,"text":"palace","labels":["WORK_OF_ART"]},"id":"Q-h_GAHtuN","from_name":"label","to_name":"text","type":"labels","origin":"manual"},{"value":{"start":23,"end":29,"text":"lonely","labels":["WORK_OF_ART"]},"id":"59dOyWTu8o","from_name":"label","to_name":"text","type":"labels","origin":"manual"},{"value":{"start":23,"end":48,"text":"lonely palace royal irony","labels":["WORK_OF_ART"]},"id":"zgDOBaNEhc","from_name":"label","to_name":"text","type":"labels","origin":"manual"},{"value":{"start":30,"end":36,"text":"palace","labels":["LOC"]},"id":"66qgRmuKvI","from_name":"label","to_name":"text","type":"labels","origin":"manual"},{"value":{"start":17,"end":22,"text":"songs","labels":["PRODUCT"]},"id":"_ADSkJv0zc","from_name":"label","to_name":"text","type":"labels","origin":"manual"}],"was_cancelled":false,"ground_truth":false,"created_at":"2024-11-18T10:09:37.303941Z","updated_at":"2024-11-18T10:09:37.303952Z","draft_created_at":"2024-11-18T10:08:08.398758Z","lead_time":107.397,"prediction":{"id":28,"result":[],"model_version":"entity_ruler","created_ago":"56 minutes","score":null,"cluster":null,"neighbors":null,"mislabeling":0.0,"created_at":"2024-11-18T09:13:30.670924Z","updated_at":"2024-11-18T09:13:30.670930Z","model":null,"model_run":null,"task":28007,"project":4},"result_count":0,"unique_id":"a25af4d4-689a-4aba-b6c8-28b2996fccc4","import_id":null,"last_action":null,"task":28007,"project":4,"updated_by":1,"parent_prediction":28,"parent_annotation":null,"last_created_by":null}],"file_upload":"8e967a4b-tasks_70_100_custom_labels.json","drafts":[],"predictions":[28],"data":{"text":"Emo anything but songs lonely palace royal irony Christopher resonate like a lot supposed to like first time listened like damn son that's me"},"meta":{},"created_at":"2024-11-18T09:13:30.661561Z","updated_at":"2024-11-18T10:09:37.320921Z","inner_id":28,"total_annotations":1,"cancelled_annotations":0,"total_predictions":1,"comment_count":0,"unresolved_comment_count":0,"last_comment_updated_at":null,"project":4,"updated_by":1,"comment_authors":[]},{"id":28008,"annotations":[{"id":28,"completed_by":1,"result":[{"value":{"start":89,"end":95,"text":"person","labels":["PERSON"]},"id":"XMFeRE0fLX","from_name":"label","to_name":"text","type":"labels","origin":"manual"},{"value":{"start":155,"end":161,"text":"myself","labels":["PERSON"]},"id":"FhSY9mH6Ng","from_name":"label","to_name":"text","type":"labels","origin":"manual"},{"value":{"start":186,"end":191,"text":"human","labels":["PERSON"]},"id":"Lhy95ug2YX","from_name":"label","to_name":"text","type":"labels","origin":"manual"},{"value":{"start":215,"end":224,"text":"strangers","labels":["NORP"]},"id":"KpSqSO_6S1","from_name":"label","to_name":"text","type":"labels","origin":"manual"},{"value":{"start":363,"end":372,"text":"yesterday","labels":["TIME"]},"id":"qI3BhAt5d5","from_name":"label","to_name":"text","type":"labels","origin":"manual"},{"value":{"start":389,"end":396,"text":"parents","labels":["PERSON"]},"id":"Im0FobFDqA","from_name":"label","to_name":"text","type":"labels","origin":"manual"},{"value":{"start":406,"end":415,"text":"last year","labels":["TIME"]},"id":"s0MPhb7hn6","from_name":"label","to_name":"text","type":"labels","origin":"manual"},{"value":{"start":459,"end":465,"text":"female","labels":["NORP"]},"id":"kc2aekt013","from_name":"label","to_name":"text","type":"labels","origin":"manual"},{"value":{"start":626,"end":635,"text":"hair loss","labels":["EVENT"]},"id":"M2ozH9QDMU","from_name":"label","to_name":"text","type":"labels","origin":"manual"},{"value":{"start":751,"end":758,"text":"friends","labels":["PERSON"]},"id":"gFCB_-9AlB","from_name":"label","to_name":"text","type":"labels","origin":"manual"},{"value":{"start":888,"end":892,"text":"home","labels":["FAC"]},"id":"IuFgOrYOWV","from_name":"label","to_name":"text","type":"labels","origin":"manual"},{"value":{"start":1006,"end":1011,"text":"years","labels":["TIME"]},"id":"T5hrxxyrcx","from_name":"label","to_name":"text","type":"labels","origin":"manual"},{"value":{"start":1268,"end":1271,"text":"god","labels":["NORP"]},"id":"LE88F5cJD2","from_name":"label","to_name":"text","type":"labels","origin":"manual"},{"value":{"start":862,"end":866,"text":"debt","labels":["MONEY"]},"id":"UW4Ll2qQ5a","from_name":"label","to_name":"text","type":"labels","origin":"manual"}],"was_cancelled":false,"ground_truth":false,"created_at":"2024-11-18T10:11:43.582685Z","updated_at":"2024-11-18T10:11:43.582700Z","draft_created_at":"2024-11-18T10:09:56.399096Z","lead_time":125.199,"prediction":{"id":29,"result":[{"from_name":"label","to_name":"text","type":"labels","value":{"start":523,"end":532,"text":"depressed","labels":["SYMPTOM"]}},{"from_name":"label","to_name":"text","type":"labels","value":{"start":626,"end":635,"text":"hair loss","labels":["SYMPTOM"]}},{"from_name":"label","to_name":"text","type":"labels","value":{"start":685,"end":695,"text":"depression","labels":["DISEASE"]}},{"from_name":"label","to_name":"text","type":"labels","value":{"start":702,"end":710,"text":"exercise","labels":["TREATMENT"]}},{"from_name":"label","to_name":"text","type":"labels","value":{"start":1046,"end":1055,"text":"emptiness","labels":["SYMPTOM"]}},{"from_name":"label","to_name":"text","type":"labels","value":{"start":1186,"end":1191,"text":"tired","labels":["SYMPTOM"]}},{"from_name":"label","to_name":"text","type":"labels","value":{"start":1204,"end":1209,"text":"tired","labels":["SYMPTOM"]}},{"from_name":"label","to_name":"text","type":"labels","value":{"start":1217,"end":1222,"text":"tired","labels":["SYMPTOM"]}}],"model_version":"entity_ruler","created_ago":"58 minutes","score":null,"cluster":null,"neighbors":null,"mislabeling":0.0,"created_at":"2024-11-18T09:13:30.670967Z","updated_at":"2024-11-18T09:13:30.670972Z","model":null,"model_run":null,"task":28008,"project":4},"result_count":0,"unique_id":"ab96d105-34d4-4192-b737-240d643b36d1","import_id":null,"last_action":null,"task":28008,"project":4,"updated_by":1,"parent_prediction":29,"parent_annotation":null,"last_created_by":null}],"file_upload":"8e967a4b-tasks_70_100_custom_labels.json","drafts":[],"predictions":[29],"data":{"text":"Else do before begin long post amp hope take time read this need help think I'm rational person understand impact red flag affect connected me but feeling myself honestly believe peaked human hope writing community strangers may help find relief constant tightness feel chest maybe someone relate I'm going through since I've hit s life starting reflect mistakes yesterday I've moved back parents pictures last year's life lost lot confidence myself year old female starting balding see scalp day even taking showers makes depressed run fingers hair doesn't stop falling out don't want go any more don't want sun without that hair loss definitely wrecked confidence I'm trying to take depression hands exercise days week see positive change body even friends haven't see awhile tell end day don't want alive anymore feel like don't anything offer recklessly put debt hindered ability buy home own watch friends buy first homes share lives significant others put wall around myself haven't dated sex anyone years tell I'm okay myself always going emptiness may sound weir dim oddly okay wanting end life affect family friends keeping here heal time cant put fast-forward button that I'm tired feeling way tired crying tired me religious I'm tried looking sort guidance god thought would be would god speak me would tightness chest lifted accepted god life else do"},"meta":{},"created_at":"2024-11-18T09:13:30.661618Z","updated_at":"2024-11-18T10:11:43.601699Z","inner_id":29,"total_annotations":1,"cancelled_annotations":0,"total_predictions":1,"comment_count":0,"unresolved_comment_count":0,"last_comment_updated_at":null,"project":4,"updated_by":1,"comment_authors":[]},{"id":28009,"annotations":[{"id":29,"completed_by":1,"result":[{"value":{"start":79,"end":85,"text":"person","labels":["PERSON"]},"id":"3tp7pZDbPz","from_name":"label","to_name":"text","type":"labels","origin":"manual"},{"value":{"start":99,"end":108,"text":"hospitals","labels":["FAC"]},"id":"QzK7-ICSTk","from_name":"label","to_name":"text","type":"labels","origin":"manual"},{"value":{"start":109,"end":119,"text":"wheelchair","labels":["PRODUCT"]},"id":"iUskzza4d3","from_name":"label","to_name":"text","type":"labels","origin":"manual"},{"value":{"start":292,"end":297,"text":"death","labels":["EVENT"]},"id":"f554-vz4qX","from_name":"label","to_name":"text","type":"labels","origin":"manual"},{"value":{"start":312,"end":318,"text":"family","labels":["PERSON"]},"id":"vAkUhBNLX_","from_name":"label","to_name":"text","type":"labels","origin":"manual"},{"value":{"start":319,"end":326,"text":"friends","labels":["PERSON"]},"id":"QwGJn1zYa8","from_name":"label","to_name":"text","type":"labels","origin":"manual"},{"value":{"start":375,"end":379,"text":"PTSD","labels":["NORP"]},"id":"sjoQQVmTAz","from_name":"label","to_name":"text","type":"labels","origin":"manual"},{"value":{"start":456,"end":459,"text":"god","labels":["NORP"]},"id":"-JzC4N9wbJ","from_name":"label","to_name":"text","type":"labels","origin":"manual"},{"value":{"start":538,"end":545,"text":"grandpa","labels":["PERSON"]},"id":"3Z3-luBwFC","from_name":"label","to_name":"text","type":"labels","origin":"manual"},{"value":{"start":530,"end":537,"text":"parents","labels":["PERSON"]},"id":"yvrbu9D6UF","from_name":"label","to_name":"text","type":"labels","origin":"manual"},{"value":{"start":598,"end":603,"text":"court","labels":["LAW"]},"id":"QRUjnmEOk7","from_name":"label","to_name":"text","type":"labels","origin":"manual"},{"value":{"start":604,"end":613,"text":"documents","labels":["LAW"]},"id":"6DHR2Ey4zS","from_name":"label","to_name":"text","type":"labels","origin":"manual"},{"value":{"start":598,"end":613,"text":"court documents","labels":["LAW"]},"id":"mU_p6QkywF","from_name":"label","to_name":"text","type":"labels","origin":"manual"},{"value":{"start":623,"end":630,"text":"lawsuit","labels":["LAW"]},"id":"XyTKIdNFuo","from_name":"label","to_name":"text","type":"labels","origin":"manual"},{"value":{"start":623,"end":638,"text":"lawsuit company","labels":["ORG"]},"id":"yNCP-klLub","from_name":"label","to_name":"text","type":"labels","origin":"manual"},{"value":{"start":652,"end":664,"text":"car accident","labels":["EVENT"]},"id":"ZHQ12PpkrL","from_name":"label","to_name":"text","type":"labels","origin":"manual"},{"value":{"start":702,"end":710,"text":"siblings","labels":["PERSON"]},"id":"DHmKIg5Pc0","from_name":"label","to_name":"text","type":"labels","origin":"manual"},{"value":{"start":786,"end":793,"text":"forever","labels":["TIME"]},"id":"oWVkqPwTs8","from_name":"label","to_name":"text","type":"labels","origin":"manual"},{"value":{"start":837,"end":845,"text":"criminal","labels":["LAW"]},"id":"pIUlAkWnIb","from_name":"label","to_name":"text","type":"labels","origin":"manual"},{"value":{"start":894,"end":902,"text":"overdose","labels":["EVENT"]},"id":"Ue33t0-3PB","from_name":"label","to_name":"text","type":"labels","origin":"manual"},{"value":{"start":913,"end":923,"text":"loved ones","labels":["PERSON"]},"id":"5q9GkW6eJ0","from_name":"label","to_name":"text","type":"labels","origin":"manual"},{"value":{"start":1091,"end":1095,"text":"hike","labels":["EVENT"]},"id":"ZbMUoOmP0y","from_name":"label","to_name":"text","type":"labels","origin":"manual"}],"was_cancelled":false,"ground_truth":false,"created_at":"2024-11-18T10:14:02.625673Z","updated_at":"2024-11-18T10:14:02.625699Z","draft_created_at":"2024-11-18T10:12:11.649261Z","lead_time":137.472,"prediction":{"id":30,"result":[{"from_name":"label","to_name":"text","type":"labels","value":{"start":29,"end":44,"text":"chronically ill","labels":["DISEASE"]}}],"model_version":"entity_ruler","created_ago":"1 hour","score":null,"cluster":null,"neighbors":null,"mislabeling":0.0,"created_at":"2024-11-18T09:13:30.670991Z","updated_at":"2024-11-18T09:13:30.670997Z","model":null,"model_run":null,"task":28009,"project":4},"result_count":0,"unique_id":"b43d49ee-b046-456a-bd44-472ba079133e","import_id":null,"last_action":null,"task":28009,"project":4,"updated_by":1,"parent_prediction":30,"parent_annotation":null,"last_created_by":null}],"file_upload":"8e967a4b-tasks_70_100_custom_labels.json","drafts":[],"predictions":[30],"data":{"text":"Im ready plan redflagimagine chronically ill slowly killing you imagine active person young s sick hospitals wheelchair imagine dislocating times day that's tip iceberg pain wise like you're ripped apart crushed time I'm done things keep happening things keep happening fears there's nothing death black leaving family friends don't want hurt anyone many illnesses diagnosed PTSD times yeah things tip breaking point I've tried staying strong want believe god don't want nothing tomorrow makeup last time tomorrow ill say goodbye parents grandpa tomorrow ill give one last good memory me ill leave court documents mom take lawsuit company caused major car accident resulting airlifted ill call friends siblings ill finish hard drive send man groomed took family body still damaged mind forever ill write notes mother taking people civil criminal courts tonight ill type will Saturday night ill overdose somewhere loved ones won't see associate dying im done there's one wish family okay black something real want watch loved ones don't want die wanted to live life living want smell flowers hike again dance want go gorge wanted live bad help people can't anymore cant"},"meta":{},"created_at":"2024-11-18T09:13:30.661671Z","updated_at":"2024-11-18T10:14:02.644530Z","inner_id":30,"total_annotations":1,"cancelled_annotations":0,"total_predictions":1,"comment_count":0,"unresolved_comment_count":0,"last_comment_updated_at":null,"project":4,"updated_by":1,"comment_authors":[]}]