[{"id":1,"annotations":[{"id":5,"completed_by":1,"result":[],"was_cancelled":false,"ground_truth":false,"created_at":"2024-11-17T11:58:14.117406Z","updated_at":"2024-11-17T11:58:14.117423Z","draft_created_at":null,"lead_time":1.268,"prediction":{"id":31,"result":[],"model_version":"en_core_web_sm","created_ago":"3 minutes","score":null,"cluster":null,"neighbors":null,"mislabeling":0.0,"created_at":"2024-11-17T11:54:47.776158Z","updated_at":"2024-11-17T11:54:47.776176Z","model":null,"model_run":null,"task":1,"project":5},"result_count":0,"unique_id":"ebe20c78-1f47-4ffc-8d04-289d95ea2ed3","import_id":null,"last_action":null,"task":1,"project":5,"updated_by":1,"parent_prediction":31,"parent_annotation":null,"last_created_by":null}],"file_upload":"6ae68ef7-tasks_38_69.json","drafts":[],"predictions":[31],"data":{"text":"Eat decide"},"meta":{},"created_at":"2024-11-17T11:54:47.767162Z","updated_at":"2024-11-17T11:58:14.136951Z","inner_id":1,"total_annotations":1,"cancelled_annotations":0,"total_predictions":1,"comment_count":0,"unresolved_comment_count":0,"last_comment_updated_at":null,"project":5,"updated_by":1,"comment_authors":[]},{"id":2,"annotations":[{"id":6,"completed_by":1,"result":[],"was_cancelled":false,"ground_truth":false,"created_at":"2024-11-17T11:58:17.878289Z","updated_at":"2024-11-17T11:58:17.878308Z","draft_created_at":null,"lead_time":1.735,"prediction":{"id":32,"result":[],"model_version":"en_core_web_sm","created_ago":"3 minutes","score":null,"cluster":null,"neighbors":null,"mislabeling":0.0,"created_at":"2024-11-17T11:54:47.776203Z","updated_at":"2024-11-17T11:54:47.776211Z","model":null,"model_run":null,"task":2,"project":5},"result_count":0,"unique_id":"f61f56d6-b4ba-4f8d-94a7-1375430a5c22","import_id":null,"last_action":null,"task":2,"project":5,"updated_by":1,"parent_prediction":32,"parent_annotation":null,"last_created_by":null}],"file_upload":"6ae68ef7-tasks_38_69.json","drafts":[],"predictions":[32],"data":{"text":"Giving thoughts wanting OD since I'm almost getting worse started wasn't bad easy distract thoughts pretty infrequent cant get head things much complicated thoughts mainly bother me part wants give make stop"},"meta":{},"created_at":"2024-11-17T11:54:47.767271Z","updated_at":"2024-11-17T11:58:17.897278Z","inner_id":2,"total_annotations":1,"cancelled_annotations":0,"total_predictions":1,"comment_count":0,"unresolved_comment_count":0,"last_comment_updated_at":null,"project":5,"updated_by":1,"comment_authors":[]},{"id":3,"annotations":[{"id":7,"completed_by":1,"result":[{"value":{"start":27,"end":33,"text":"friend","labels":["PERSON"]},"id":"ygTUEDakRv","from_name":"label","to_name":"text","type":"labels","origin":"manual"},{"value":{"start":60,"end":67,"text":"morning","labels":["TIME"]},"id":"hv6KAh8JUD","from_name":"label","to_name":"text","type":"labels","origin":"manual"},{"value":{"start":18,"end":26,"text":"longtime","labels":["TIME"]},"id":"wDbT0dAvW-","from_name":"label","to_name":"text","type":"labels","origin":"manual"}],"was_cancelled":false,"ground_truth":false,"created_at":"2024-11-17T11:59:00.723076Z","updated_at":"2024-11-17T12:00:18.677316Z","draft_created_at":"2024-11-17T11:58:57.976718Z","lead_time":55.521,"prediction":{"id":33,"result":[],"model_version":"en_core_web_sm","created_ago":"4 minutes","score":null,"cluster":null,"neighbors":null,"mislabeling":0.0,"created_at":"2024-11-17T11:54:47.776234Z","updated_at":"2024-11-17T11:54:47.776242Z","model":null,"model_run":null,"task":3,"project":5},"result_count":0,"unique_id":"e8b81d18-e362-402e-98f0-40cf4f72dae0","import_id":null,"last_action":null,"task":3,"project":5,"updated_by":1,"parent_prediction":33,"parent_annotation":null,"last_created_by":null}],"file_upload":"6ae68ef7-tasks_38_69.json","drafts":[],"predictions":[33],"data":{"text":"Im fine lost good longtime friend addiction and directly OD morning let world get you seek help please ugh ugh"},"meta":{},"created_at":"2024-11-17T11:54:47.767354Z","updated_at":"2024-11-17T12:00:18.695687Z","inner_id":3,"total_annotations":1,"cancelled_annotations":0,"total_predictions":1,"comment_count":0,"unresolved_comment_count":0,"last_comment_updated_at":null,"project":5,"updated_by":1,"comment_authors":[]},{"id":4,"annotations":[{"id":8,"completed_by":1,"result":[{"value":{"start":56,"end":67,"text":"three years","labels":["DATE"]},"id":"K21oY_9mo3","from_name":"label","to_name":"text","type":"labels","origin":"prediction"},{"value":{"start":276,"end":289,"text":"period months","labels":["DATE"]},"id":"R_pEPDU5zg","from_name":"label","to_name":"text","type":"labels","origin":"prediction"},{"value":{"start":999,"end":1004,"text":"weeks","labels":["DATE"]},"id":"TOxa6oXrbT","from_name":"label","to_name":"text","type":"labels","origin":"prediction"},{"value":{"start":1014,"end":1020,"text":"months","labels":["DATE"]},"id":"N2zq_j7NTf","from_name":"label","to_name":"text","type":"labels","origin":"prediction"},{"value":{"start":1157,"end":1162,"text":"first","labels":["ORDINAL"]},"id":"d3XLkFbsVc","from_name":"label","to_name":"text","type":"labels","origin":"prediction"},{"value":{"start":1258,"end":1264,"text":"months","labels":["DATE"]},"id":"G7-aVv-rqR","from_name":"label","to_name":"text","type":"labels","origin":"prediction"},{"value":{"start":1270,"end":1275,"text":"years","labels":["DATE"]},"id":"XoWCn4n0xU","from_name":"label","to_name":"text","type":"labels","origin":"prediction"},{"value":{"start":1359,"end":1375,"text":"couple times day","labels":["DATE"]},"id":"pd6sEeqa5m","from_name":"label","to_name":"text","type":"labels","origin":"prediction"},{"value":{"start":1441,"end":1456,"text":"two three weeks","labels":["DATE"]},"id":"PWovXpLx8F","from_name":"label","to_name":"text","type":"labels","origin":"prediction"},{"value":{"start":1574,"end":1580,"text":"months","labels":["DATE"]},"id":"t2bR9B49SH","from_name":"label","to_name":"text","type":"labels","origin":"prediction"},{"value":{"start":2039,"end":2052,"text":"several years","labels":["DATE"]},"id":"5SrggDznee","from_name":"label","to_name":"text","type":"labels","origin":"prediction"},{"value":{"start":2094,"end":2098,"text":"year","labels":["DATE"]},"id":"WjgTUHk8bI","from_name":"label","to_name":"text","type":"labels","origin":"prediction"},{"value":{"start":2110,"end":2114,"text":"PTSD","labels":["DATE"]},"id":"owZV3T0lw8","from_name":"label","to_name":"text","type":"labels","origin":"prediction"},{"value":{"start":2126,"end":2131,"text":"daily","labels":["DATE"]},"id":"J16M9FzFK1","from_name":"label","to_name":"text","type":"labels","origin":"prediction"},{"value":{"start":2472,"end":2479,"text":"January","labels":["DATE"]},"id":"O0JUHRW35x","from_name":"label","to_name":"text","type":"labels","origin":"prediction"},{"value":{"start":120,"end":132,"text":"many months ","labels":["TIME"]},"id":"KXOe9e3_I1","from_name":"label","to_name":"text","type":"labels","origin":"manual"},{"value":{"start":132,"end":139,"text":"doctors","labels":["PERSON"]},"id":"7XunG-W0D1","from_name":"label","to_name":"text","type":"labels","origin":"manual"},{"value":{"start":336,"end":342,"text":"people","labels":["PERSON"]},"id":"UAArDtsn6g","from_name":"label","to_name":"text","type":"labels","origin":"manual"},{"value":{"start":398,"end":411,"text":"family member","labels":["PERSON"]},"id":"I69ckw9V8b","from_name":"label","to_name":"text","type":"labels","origin":"manual"},{"value":{"start":461,"end":469,"text":"hospital","labels":["LOC"]},"id":"5-mxB0ZcOC","from_name":"label","to_name":"text","type":"labels","origin":"manual"},{"value":{"start":1026,"end":1033,"text":"doctors","labels":["PERSON"]},"id":"rDPmupnLBS","from_name":"label","to_name":"text","type":"labels","origin":"manual"},{"value":{"start":1105,"end":1113,"text":"hospital","labels":["LOC"]},"id":"J62MltRbFo","from_name":"label","to_name":"text","type":"labels","origin":"manual"},{"value":{"start":1128,"end":1134,"text":"doctor","labels":["PERSON"]},"id":"7zgSskq12J","from_name":"label","to_name":"text","type":"labels","origin":"manual"},{"value":{"start":1300,"end":1309,"text":" lot time","labels":["TIME"]},"id":"CPtU9nECz9","from_name":"label","to_name":"text","type":"labels","origin":"manual"},{"value":{"start":1310,"end":1318,"text":"hospital","labels":["LOC"]},"id":"MQj5uoPS5Z","from_name":"label","to_name":"text","type":"labels","origin":"manual"},{"value":{"start":1427,"end":1435,"text":"hospital","labels":["LOC"]},"id":"Kgjzx4dFtJ","from_name":"label","to_name":"text","type":"labels","origin":"manual"},{"value":{"start":1551,"end":1561,"text":"therapists","labels":["PERSON"]},"id":"8frzx4lC_K","from_name":"label","to_name":"text","type":"labels","origin":"manual"},{"value":{"start":1594,"end":1603,"text":"therapist","labels":["PERSON"]},"id":"fLAJpojzfY","from_name":"label","to_name":"text","type":"labels","origin":"manual"},{"value":{"start":1682,"end":1688,"text":"client","labels":["PERSON"]},"id":"xtX8H6Fpzg","from_name":"label","to_name":"text","type":"labels","origin":"manual"},{"value":{"start":1753,"end":1760,"text":"doctors","labels":["PERSON"]},"id":"GHpOfLrFzs","from_name":"label","to_name":"text","type":"labels","origin":"manual"},{"value":{"start":1871,"end":1880,"text":"therapist","labels":["PERSON"]},"id":"PSNYvCwAG1","from_name":"label","to_name":"text","type":"labels","origin":"manual"},{"value":{"start":2060,"end":2066,"text":"people","labels":["PERSON"]},"id":"2FiYhk86vz","from_name":"label","to_name":"text","type":"labels","origin":"manual"},{"value":{"start":2152,"end":2159,"text":"parents","labels":["PERSON"]},"id":"8I2ksS-3uW","from_name":"label","to_name":"text","type":"labels","origin":"manual"},{"value":{"start":2197,"end":2203,"text":"people","labels":["PERSON"]},"id":"eZwS2FOa88","from_name":"label","to_name":"text","type":"labels","origin":"manual"}],"was_cancelled":false,"ground_truth":false,"created_at":"2024-11-17T12:03:15.012309Z","updated_at":"2024-11-17T12:04:06.463090Z","draft_created_at":"2024-11-17T12:00:36.284451Z","lead_time":225.957,"prediction":{"id":34,"result":[{"from_name":"label","to_name":"text","type":"labels","value":{"start":56,"end":67,"text":"three years","labels":["DATE"]}},{"from_name":"label","to_name":"text","type":"labels","value":{"start":276,"end":289,"text":"period months","labels":["DATE"]}},{"from_name":"label","to_name":"text","type":"labels","value":{"start":999,"end":1004,"text":"weeks","labels":["DATE"]}},{"from_name":"label","to_name":"text","type":"labels","value":{"start":1014,"end":1020,"text":"months","labels":["DATE"]}},{"from_name":"label","to_name":"text","type":"labels","value":{"start":1157,"end":1162,"text":"first","labels":["ORDINAL"]}},{"from_name":"label","to_name":"text","type":"labels","value":{"start":1258,"end":1264,"text":"months","labels":["DATE"]}},{"from_name":"label","to_name":"text","type":"labels","value":{"start":1270,"end":1275,"text":"years","labels":["DATE"]}},{"from_name":"label","to_name":"text","type":"labels","value":{"start":1359,"end":1375,"text":"couple times day","labels":["DATE"]}},{"from_name":"label","to_name":"text","type":"labels","value":{"start":1441,"end":1456,"text":"two three weeks","labels":["DATE"]}},{"from_name":"label","to_name":"text","type":"labels","value":{"start":1574,"end":1580,"text":"months","labels":["DATE"]}},{"from_name":"label","to_name":"text","type":"labels","value":{"start":2039,"end":2052,"text":"several years","labels":["DATE"]}},{"from_name":"label","to_name":"text","type":"labels","value":{"start":2094,"end":2098,"text":"year","labels":["DATE"]}},{"from_name":"label","to_name":"text","type":"labels","value":{"start":2110,"end":2114,"text":"PTSD","labels":["DATE"]}},{"from_name":"label","to_name":"text","type":"labels","value":{"start":2126,"end":2131,"text":"daily","labels":["DATE"]}},{"from_name":"label","to_name":"text","type":"labels","value":{"start":2472,"end":2479,"text":"January","labels":["DATE"]}}],"model_version":"en_core_web_sm","created_ago":"8 minutes","score":null,"cluster":null,"neighbors":null,"mislabeling":0.0,"created_at":"2024-11-17T11:54:47.776337Z","updated_at":"2024-11-17T11:54:47.776345Z","model":null,"model_run":null,"task":4,"project":5},"result_count":0,"unique_id":"689fb14d-d77e-4c59-9708-3f2753214d5a","import_id":null,"last_action":null,"task":4,"project":5,"updated_by":1,"parent_prediction":34,"parent_annotation":null,"last_created_by":null}],"file_upload":"6ae68ef7-tasks_38_69.json","drafts":[],"predictions":[34],"data":{"text":"Would stay sign things would get better things bad last three years keep getting worse tough feel I'm curse dim bipolar many months doctors thought schizophrenic because psychotic episodes present way disorders dealing stressful project work noticed imagination getting vivid period months thinking technicolor started getting paranoid people trying set failure take advantage me compounded stress family member experiencing serious life ruining illness landed hospital extended stay snapped stopped able cope reality invented imaginary world escape extremely overactive imagination filled blanks delusion matrix existed created illuminati went many lifetimes trying to find way out began believe psychic communicating around either helping to support illuminati even difficult delusion tied whole life story experiences like perfect web lies get own lived like months incredible stress pretending normal trying figure do got point continue working acted work meeting w superior called hr told take weeks off took months work doctors identify bipolar reaction medication schizophrenia included month long hospital stay surprise doctor thought schizophrenic first bipolar bad untreated bipolar takes long treat lithium kill increase slowly blood tests course months took years go reach stability spent lot time hospital laying bed taking walks nurses checking couple times day nice time relax fraught even delusions still going hospital took two three weeks antipsychotics thoughts calm down return work eventually less stressful role per occupational therapists' suggestion months occupational therapist said could return normal work never put back normal project sim assuming want client facing chance could happen again little less year almost weekly doctors visits told need role any more position terminated want to pursue human rights claim even though occupational therapist said should see exhausting taking time away job search ruining possibility key references that's story mental illness stealing sanity job independence course several years wonder people turn drugs life fall apart year absolutely PTSD flashbacks daily I'm extremely lucky parents support this become homeless bipolar people commits red flag right can't afford independent humiliating living situation certainly nontoxic would great universe gave sign continue part society really need positive momentum reserves empty hope involves finding good job become independent again interviews coming January wish luck please need it things turn around I'm planning make exit"},"meta":{},"created_at":"2024-11-17T11:54:47.767431Z","updated_at":"2024-11-17T12:04:06.486634Z","inner_id":4,"total_annotations":1,"cancelled_annotations":0,"total_predictions":1,"comment_count":0,"unresolved_comment_count":0,"last_comment_updated_at":null,"project":5,"updated_by":1,"comment_authors":[]},{"id":5,"annotations":[{"id":9,"completed_by":1,"result":[{"value":{"start":7,"end":12,"text":"hours","labels":["TIME"]},"id":"hBNXjFV5wK","from_name":"label","to_name":"text","type":"labels","origin":"manual"}],"was_cancelled":false,"ground_truth":false,"created_at":"2024-11-17T12:04:38.543939Z","updated_at":"2024-11-17T12:04:38.543960Z","draft_created_at":null,"lead_time":27.772,"prediction":{"id":35,"result":[],"model_version":"en_core_web_sm","created_ago":"9 minutes","score":null,"cluster":null,"neighbors":null,"mislabeling":0.0,"created_at":"2024-11-17T11:54:47.776368Z","updated_at":"2024-11-17T11:54:47.776376Z","model":null,"model_run":null,"task":5,"project":5},"result_count":0,"unique_id":"4df14807-58af-4cf1-a92f-5d4f481e518d","import_id":null,"last_action":null,"task":5,"project":5,"updated_by":1,"parent_prediction":35,"parent_annotation":null,"last_created_by":null}],"file_upload":"6ae68ef7-tasks_38_69.json","drafts":[],"predictions":[35],"data":{"text":" Slept hours want relapse cannot stop thinking about got raped everything bad parents abuse me hooked drugs going kill myself cannot"},"meta":{},"created_at":"2024-11-17T11:54:47.767485Z","updated_at":"2024-11-17T12:04:38.561662Z","inner_id":5,"total_annotations":1,"cancelled_annotations":0,"total_predictions":1,"comment_count":0,"unresolved_comment_count":0,"last_comment_updated_at":null,"project":5,"updated_by":1,"comment_authors":[]},{"id":6,"annotations":[{"id":10,"completed_by":1,"result":[{"value":{"start":310,"end":316,"text":"months","labels":["PERSON"]},"id":"fpySLoWkzQ","from_name":"label","to_name":"text","type":"labels","origin":"prediction-changed"},{"value":{"start":39,"end":42,"text":"kid","labels":["PERSON"]},"id":"SVH8-CK00z","from_name":"label","to_name":"text","type":"labels","origin":"manual"},{"value":{"start":273,"end":280,"text":"friends","labels":["PERSON"]},"id":"jGprDTtAY6","from_name":"label","to_name":"text","type":"labels","origin":"manual"},{"value":{"start":295,"end":299,"text":"city","labels":["LOC"]},"id":"fY317ASaOT","from_name":"label","to_name":"text","type":"labels","origin":"manual"},{"value":{"start":351,"end":355,"text":"city","labels":["LOC"]},"id":"p99slSfhqe","from_name":"label","to_name":"text","type":"labels","origin":"manual"},{"value":{"start":459,"end":465,"text":"people","labels":["PERSON"]},"id":"_52yb4NM-S","from_name":"label","to_name":"text","type":"labels","origin":"manual"}],"was_cancelled":false,"ground_truth":false,"created_at":"2024-11-17T12:05:44.219129Z","updated_at":"2024-11-17T12:05:44.219150Z","draft_created_at":"2024-11-17T12:05:02.884078Z","lead_time":63.973,"prediction":{"id":36,"result":[{"from_name":"label","to_name":"text","type":"labels","value":{"start":310,"end":316,"text":"months","labels":["DATE"]}}],"model_version":"en_core_web_sm","created_ago":"10 minutes","score":null,"cluster":null,"neighbors":null,"mislabeling":0.0,"created_at":"2024-11-17T11:54:47.776403Z","updated_at":"2024-11-17T11:54:47.776411Z","model":null,"model_run":null,"task":6,"project":5},"result_count":0,"unique_id":"d4bbf628-201d-4eba-8925-5582b5f8e20e","import_id":null,"last_action":null,"task":6,"project":5,"updated_by":1,"parent_prediction":36,"parent_annotation":null,"last_created_by":null}],"file_upload":"6ae68ef7-tasks_38_69.json","drafts":[],"predictions":[36],"data":{"text":"Remember always saying cannot wait til kid now nothing changed work manage finish school slipped groups friends bad guys all effect indirectly motivating skip work skip classes rather take drugs them point hanging without sort drug involved exist any more blame still love friends moved another city currently months since moved room mess know nobody city still work drink take drugs difference take alone constantly depressed nothing changed better all wish people could relate situation all wish best nothing changed"},"meta":{},"created_at":"2024-11-17T11:54:47.767544Z","updated_at":"2024-11-17T12:05:44.239646Z","inner_id":6,"total_annotations":1,"cancelled_annotations":0,"total_predictions":1,"comment_count":0,"unresolved_comment_count":0,"last_comment_updated_at":null,"project":5,"updated_by":1,"comment_authors":[]},{"id":7,"annotations":[{"id":11,"completed_by":1,"result":[{"value":{"start":63,"end":74,"text":"eight years","labels":["DATE"]},"id":"WeTZL0GOBA","from_name":"label","to_name":"text","type":"labels","origin":"prediction"},{"value":{"start":79,"end":84,"text":"daily","labels":["DATE"]},"id":"xm0WtKqpUr","from_name":"label","to_name":"text","type":"labels","origin":"prediction"},{"value":{"start":106,"end":119,"text":"almost months","labels":["DATE"]},"id":"hAlC-LWjHI","from_name":"label","to_name":"text","type":"labels","origin":"prediction"},{"value":{"start":34,"end":41,"text":"anybody","labels":["PERSON"]},"id":"l7IhnQVDIp","from_name":"label","to_name":"text","type":"labels","origin":"manual"}],"was_cancelled":false,"ground_truth":false,"created_at":"2024-11-17T12:06:13.059744Z","updated_at":"2024-11-17T12:06:13.059759Z","draft_created_at":"2024-11-17T12:05:55.626431Z","lead_time":27.083,"prediction":{"id":37,"result":[{"from_name":"label","to_name":"text","type":"labels","value":{"start":30,"end":33,"text":"WTH","labels":["ORG"]}},{"from_name":"label","to_name":"text","type":"labels","value":{"start":63,"end":74,"text":"eight years","labels":["DATE"]}},{"from_name":"label","to_name":"text","type":"labels","value":{"start":75,"end":78,"text":"MGS","labels":["ORG"]}},{"from_name":"label","to_name":"text","type":"labels","value":{"start":79,"end":84,"text":"daily","labels":["DATE"]}},{"from_name":"label","to_name":"text","type":"labels","value":{"start":106,"end":119,"text":"almost months","labels":["DATE"]}}],"model_version":"en_core_web_sm","created_ago":"11 minutes","score":null,"cluster":null,"neighbors":null,"mislabeling":0.0,"created_at":"2024-11-17T11:54:47.776452Z","updated_at":"2024-11-17T11:54:47.776460Z","model":null,"model_run":null,"task":7,"project":5},"result_count":0,"unique_id":"74b16707-fb8e-42d1-bc83-8e8702961db3","import_id":null,"last_action":null,"task":7,"project":5,"updated_by":1,"parent_prediction":37,"parent_annotation":null,"last_created_by":null}],"file_upload":"6ae68ef7-tasks_38_69.json","drafts":[],"predictions":[37],"data":{"text":"Start feeling anything better WTH anybody know long citalopram eight years MGS daily feedback appreciated almost months without citalopram"},"meta":{},"created_at":"2024-11-17T11:54:47.767598Z","updated_at":"2024-11-17T12:06:13.074070Z","inner_id":7,"total_annotations":1,"cancelled_annotations":0,"total_predictions":1,"comment_count":0,"unresolved_comment_count":0,"last_comment_updated_at":null,"project":5,"updated_by":1,"comment_authors":[]},{"id":8,"annotations":[{"id":12,"completed_by":1,"result":[{"value":{"start":143,"end":155,"text":"Thanksgiving","labels":["TIME"]},"id":"c4S4yVlDVL","from_name":"label","to_name":"text","type":"labels","origin":"prediction-changed"},{"value":{"start":174,"end":177,"text":"two","labels":["TIME"]},"id":"Ao7OayB4wm","from_name":"label","to_name":"text","type":"labels","origin":"prediction-changed"},{"value":{"start":203,"end":215,"text":"Thanksgiving","labels":["TIME"]},"id":"GF7eU-pw2e","from_name":"label","to_name":"text","type":"labels","origin":"prediction-changed"},{"value":{"start":295,"end":307,"text":"number years","labels":["TIME"]},"id":"2CS1c-3RKU","from_name":"label","to_name":"text","type":"labels","origin":"prediction-changed"},{"value":{"start":667,"end":671,"text":"year","labels":["TIME"]},"id":"fxYggFh-aX","from_name":"label","to_name":"text","type":"labels","origin":"prediction-changed"},{"value":{"start":819,"end":846,"text":"days later came back months","labels":["TIME"]},"id":"NSmOG1rxQH","from_name":"label","to_name":"text","type":"labels","origin":"prediction-changed"},{"value":{"start":1093,"end":1108,"text":"the least month","labels":["TIME"]},"id":"LLxtBOdTQs","from_name":"label","to_name":"text","type":"labels","origin":"prediction-changed"},{"value":{"start":1708,"end":1711,"text":"one","labels":["TIME"]},"id":"1zpjpx3CKD","from_name":"label","to_name":"text","type":"labels","origin":"prediction-changed"},{"value":{"start":25,"end":39,"text":" married years","labels":["TIME"]},"id":"817WHJS6rM","from_name":"label","to_name":"text","type":"labels","origin":"manual"},{"value":{"start":55,"end":59,"text":"wife","labels":["PERSON"]},"id":"ial_mwzcDX","from_name":"label","to_name":"text","type":"labels","origin":"manual"},{"value":{"start":67,"end":70,"text":"guy","labels":["PERSON"]},"id":"I0ObFO2hFu","from_name":"label","to_name":"text","type":"labels","origin":"manual"},{"value":{"start":364,"end":371,"text":"student","labels":["PERSON"]},"id":"XqWUfUf-c4","from_name":"label","to_name":"text","type":"labels","origin":"manual"},{"value":{"start":395,"end":400,"text":"years","labels":["TIME"]},"id":"rQzd31X6jW","from_name":"label","to_name":"text","type":"labels","origin":"manual"},{"value":{"start":509,"end":517,"text":"holidays","labels":["TIME"]},"id":"WItLcd11-N","from_name":"label","to_name":"text","type":"labels","origin":"manual"},{"value":{"start":649,"end":653,"text":"moms","labels":["PERSON"]},"id":"Uwg8MmsNAT","from_name":"label","to_name":"text","type":"labels","origin":"manual"},{"value":{"start":679,"end":685,"text":"mother","labels":["PERSON"]},"id":"KASxQ8Zw0X","from_name":"label","to_name":"text","type":"labels","origin":"manual"},{"value":{"start":672,"end":678,"text":"school","labels":["ORG"]},"id":"wE8CfgM5-K","from_name":"label","to_name":"text","type":"labels","origin":"manual"},{"value":{"start":852,"end":855,"text":"mom","labels":["PERSON"]},"id":"EgYmPj6dRh","from_name":"label","to_name":"text","type":"labels","origin":"manual"},{"value":{"start":875,"end":878,"text":"guy","labels":["PERSON"]},"id":"XA1y3PrU-o","from_name":"label","to_name":"text","type":"labels","origin":"manual"},{"value":{"start":977,"end":980,"text":"guy","labels":["PERSON"]},"id":"LrAa2d-dJY","from_name":"label","to_name":"text","type":"labels","origin":"manual"},{"value":{"start":1057,"end":1063,"text":"person","labels":["PERSON"]},"id":"9HYlYVUh1P","from_name":"label","to_name":"text","type":"labels","origin":"manual"},{"value":{"start":1202,"end":1212,"text":"department","labels":["LOC"]},"id":"n29h1KcSKe","from_name":"label","to_name":"text","type":"labels","origin":"manual"},{"value":{"start":1525,"end":1532,"text":"someone","labels":["PERSON"]},"id":"B7AumMBghE","from_name":"label","to_name":"text","type":"labels","origin":"manual"},{"value":{"start":1596,"end":1601,"text":"women","labels":["PERSON"]},"id":"7wqWhSiHeJ","from_name":"label","to_name":"text","type":"labels","origin":"manual"}],"was_cancelled":false,"ground_truth":false,"created_at":"2024-11-17T12:09:40.256125Z","updated_at":"2024-11-17T12:09:40.256134Z","draft_created_at":"2024-11-17T12:06:52.019195Z","lead_time":198.944,"prediction":{"id":38,"result":[{"from_name":"label","to_name":"text","type":"labels","value":{"start":143,"end":155,"text":"Thanksgiving","labels":["DATE"]}},{"from_name":"label","to_name":"text","type":"labels","value":{"start":174,"end":177,"text":"two","labels":["CARDINAL"]}},{"from_name":"label","to_name":"text","type":"labels","value":{"start":203,"end":215,"text":"Thanksgiving","labels":["DATE"]}},{"from_name":"label","to_name":"text","type":"labels","value":{"start":295,"end":307,"text":"number years","labels":["DATE"]}},{"from_name":"label","to_name":"text","type":"labels","value":{"start":667,"end":671,"text":"year","labels":["DATE"]}},{"from_name":"label","to_name":"text","type":"labels","value":{"start":819,"end":846,"text":"days later came back months","labels":["DATE"]}},{"from_name":"label","to_name":"text","type":"labels","value":{"start":1093,"end":1108,"text":"the least month","labels":["DATE"]}},{"from_name":"label","to_name":"text","type":"labels","value":{"start":1708,"end":1711,"text":"one","labels":["CARDINAL"]}}],"model_version":"en_core_web_sm","created_ago":"14 minutes","score":null,"cluster":null,"neighbors":null,"mislabeling":0.0,"created_at":"2024-11-17T11:54:47.776516Z","updated_at":"2024-11-17T11:54:47.776524Z","model":null,"model_run":null,"task":8,"project":5},"result_count":0,"unique_id":"be9bd229-6a66-42a1-8122-a0756f971541","import_id":null,"last_action":null,"task":8,"project":5,"updated_by":1,"parent_prediction":38,"parent_annotation":null,"last_created_by":null}],"file_upload":"6ae68ef7-tasks_38_69.json","drafts":[],"predictions":[38],"data":{"text":"Starting feel like endive married years give take last wife affair guy try leave move on keeps coming back guilt decided go back lost jobs day Thanksgiving lucky enough land two interviews get offer day Thanksgiving least today told offer rescinded signed anything yet dealing suicidal thoughts number years aside lack funds dealing personal issues also full-time student working towards degree years left earn it lost motivation still continue study complete assignments live area job market great could due holidays sure made plan wrote notes tried even talk think getting closer finally ending all son pretty much focusing future even moved back moms finish final year school mother keeps telling I'm fighter survivor get anything fight years old yeah young spent life working taking care wife could get degree left days later came back months left mom got cancer motives guy claims keeps wanting end side relationship healthy previous job became toxic group employees like guy me accused affair playing favorites making work environment hostile primary person reported someone worked with the least month longer made comments asking still favorite prior never reciprocated smiling going day entire department turned scared making wild claims false even started looking work immediately grounds borderline sexual misconduct pursuing career cybersecurity could affect future things like made feel like secret clearance jobs required trustworthy employee going grasp panicked another complaint came department saying texted someone outside work called beautiful got mad reciprocated office full women healthcare environment felt like management everyone suddenly buying it point coo told if feel need to go one making stay here said blue investigation spoke people outside work even got legal advice much could be done without evidence proof slandered completely cut ties everyone felt like toxic untrustworthy environment made matters worse let go not cultural fit difficult understand things went wrong fault way keep telling nothing needed to apologize for everyday passes get calls anyone interviews etc. makes feel like given sign give up little money unemployment keep roof head long wife left coming back help me little family struggling themselves idea cope many last jobs toxic like was maybe sign dunno"},"meta":{},"created_at":"2024-11-17T11:54:47.767667Z","updated_at":"2024-11-17T12:09:40.269081Z","inner_id":8,"total_annotations":1,"cancelled_annotations":0,"total_predictions":1,"comment_count":0,"unresolved_comment_count":0,"last_comment_updated_at":null,"project":5,"updated_by":1,"comment_authors":[]},{"id":9,"annotations":[{"id":13,"completed_by":1,"result":[{"value":{"start":107,"end":114,"text":"English","labels":["LANGUAGE"]},"id":"PO8rzOc76-","from_name":"label","to_name":"text","type":"labels","origin":"prediction"},{"value":{"start":127,"end":134,"text":"English","labels":["LANGUAGE"]},"id":"WVYCEB7a2C","from_name":"label","to_name":"text","type":"labels","origin":"prediction"},{"value":{"start":135,"end":140,"text":"first","labels":["ORDINAL"]},"id":"7pEAJslmv5","from_name":"label","to_name":"text","type":"labels","origin":"prediction"},{"value":{"start":71,"end":82,"text":"dating app ","labels":["PRODUCT"]},"id":"XLwbOt6yGE","from_name":"label","to_name":"text","type":"labels","origin":"manual"},{"value":{"start":31,"end":36,"text":"crush","labels":["PERSON"]},"id":"Ri7aPbmzds","from_name":"label","to_name":"text","type":"labels","origin":"manual"},{"value":{"start":64,"end":70,"text":"Reddit","labels":["ORG"]},"id":"zrlMnoK_QZ","from_name":"label","to_name":"text","type":"labels","origin":"manual"}],"was_cancelled":false,"ground_truth":false,"created_at":"2024-11-17T12:10:57.222488Z","updated_at":"2024-11-17T12:10:57.222497Z","draft_created_at":"2024-11-17T12:10:14.219955Z","lead_time":73.968,"prediction":{"id":39,"result":[{"from_name":"label","to_name":"text","type":"labels","value":{"start":37,"end":47,"text":"kinda weir","labels":["PERSON"]}},{"from_name":"label","to_name":"text","type":"labels","value":{"start":107,"end":114,"text":"English","labels":["LANGUAGE"]}},{"from_name":"label","to_name":"text","type":"labels","value":{"start":127,"end":134,"text":"English","labels":["LANGUAGE"]}},{"from_name":"label","to_name":"text","type":"labels","value":{"start":135,"end":140,"text":"first","labels":["ORDINAL"]}}],"model_version":"en_core_web_sm","created_ago":"16 minutes","score":null,"cluster":null,"neighbors":null,"mislabeling":0.0,"created_at":"2024-11-17T11:54:47.776563Z","updated_at":"2024-11-17T11:54:47.776570Z","model":null,"model_run":null,"task":9,"project":5},"result_count":0,"unique_id":"38b49eef-0022-48be-a999-fd5491fff61b","import_id":null,"last_action":null,"task":9,"project":5,"updated_by":1,"parent_prediction":39,"parent_annotation":null,"last_created_by":null}],"file_upload":"6ae68ef7-tasks_38_69.json","drafts":[],"predictions":[39],"data":{"text":"Pls stop please stop posts ask crush kinda weir dim pretty sure Reddit dating app text something sorry bad English even though English first language"},"meta":{},"created_at":"2024-11-17T11:54:47.767722Z","updated_at":"2024-11-17T12:10:57.236771Z","inner_id":9,"total_annotations":1,"cancelled_annotations":0,"total_predictions":1,"comment_count":0,"unresolved_comment_count":0,"last_comment_updated_at":null,"project":5,"updated_by":1,"comment_authors":[]},{"id":10,"annotations":[{"id":14,"completed_by":1,"result":[],"was_cancelled":false,"ground_truth":false,"created_at":"2024-11-17T12:11:39.452673Z","updated_at":"2024-11-17T12:11:39.452691Z","draft_created_at":null,"lead_time":39.863,"prediction":{"id":40,"result":[{"from_name":"label","to_name":"text","type":"labels","value":{"start":131,"end":136,"text":"kinda","labels":["PERSON"]}}],"model_version":"en_core_web_sm","created_ago":"16 minutes","score":null,"cluster":null,"neighbors":null,"mislabeling":0.0,"created_at":"2024-11-17T11:54:47.776596Z","updated_at":"2024-11-17T11:54:47.776605Z","model":null,"model_run":null,"task":10,"project":5},"result_count":0,"unique_id":"87e6995d-65c1-4829-baf0-7656a4055a4d","import_id":null,"last_action":null,"task":10,"project":5,"updated_by":1,"parent_prediction":40,"parent_annotation":null,"last_created_by":null}],"file_upload":"6ae68ef7-tasks_38_69.json","drafts":[],"predictions":[40],"data":{"text":"Wanna I'm sure hows uh yeah really wanna myself I'm tired everything need permanent solution point don't really means anything I'm kinda fucked RN don't want live anymore fuck"},"meta":{},"created_at":"2024-11-17T11:54:47.767777Z","updated_at":"2024-11-17T12:11:39.470655Z","inner_id":10,"total_annotations":1,"cancelled_annotations":0,"total_predictions":1,"comment_count":0,"unresolved_comment_count":0,"last_comment_updated_at":null,"project":5,"updated_by":1,"comment_authors":[]},{"id":11,"annotations":[{"id":15,"completed_by":1,"result":[{"value":{"start":79,"end":86,"text":"ya head","labels":["PERSON"]},"id":"wPbBHFAJ0Q","from_name":"label","to_name":"text","type":"labels","origin":"prediction"},{"value":{"start":17,"end":22,"text":"girls","labels":["PERSON"]},"id":"hiA2JnieZM","from_name":"label","to_name":"text","type":"labels","origin":"manual"},{"value":{"start":13,"end":16,"text":"bro","labels":["PERSON"]},"id":"QIi0nMtMv1","from_name":"label","to_name":"text","type":"labels","origin":"manual"}],"was_cancelled":false,"ground_truth":false,"created_at":"2024-11-17T12:12:06.579178Z","updated_at":"2024-11-17T12:12:06.579201Z","draft_created_at":"2024-11-17T12:11:57.943549Z","lead_time":18.948,"prediction":{"id":41,"result":[{"from_name":"label","to_name":"text","type":"labels","value":{"start":0,"end":12,"text":"Keep ya head","labels":["PERSON"]}},{"from_name":"label","to_name":"text","type":"labels","value":{"start":79,"end":86,"text":"ya head","labels":["PERSON"]}}],"model_version":"en_core_web_sm","created_ago":"17 minutes","score":null,"cluster":null,"neighbors":null,"mislabeling":0.0,"created_at":"2024-11-17T11:54:47.776634Z","updated_at":"2024-11-17T11:54:47.776642Z","model":null,"model_run":null,"task":11,"project":5},"result_count":0,"unique_id":"dfd9bd1d-3620-4d08-8058-7a40f7ecf31d","import_id":null,"last_action":null,"task":11,"project":5,"updated_by":1,"parent_prediction":41,"parent_annotation":null,"last_created_by":null}],"file_upload":"6ae68ef7-tasks_38_69.json","drafts":[],"predictions":[41],"data":{"text":"Keep ya head bro girls call ugly want to remember go swipe makeup remover keep ya head king"},"meta":{},"created_at":"2024-11-17T11:54:47.767830Z","updated_at":"2024-11-17T12:12:06.596381Z","inner_id":11,"total_annotations":1,"cancelled_annotations":0,"total_predictions":1,"comment_count":0,"unresolved_comment_count":0,"last_comment_updated_at":null,"project":5,"updated_by":1,"comment_authors":[]},{"id":12,"annotations":[{"id":16,"completed_by":1,"result":[{"value":{"start":28,"end":39,"text":"every night","labels":["TIME"]},"id":"KE-OgL35Sc","from_name":"label","to_name":"text","type":"labels","origin":"prediction"},{"value":{"start":53,"end":66,"text":"every morning","labels":["TIME"]},"id":"tVr1sG1q9V","from_name":"label","to_name":"text","type":"labels","origin":"prediction"},{"value":{"start":315,"end":323,"text":"tomorrow","labels":["DATE"]},"id":"jUtp7y75HX","from_name":"label","to_name":"text","type":"labels","origin":"prediction"},{"value":{"start":138,"end":144,"text":"people","labels":["PERSON"]},"id":"asIr8qQ0_M","from_name":"label","to_name":"text","type":"labels","origin":"manual"},{"value":{"start":221,"end":229,"text":"brothers","labels":["PERSON"]},"id":"aisEllDYaz","from_name":"label","to_name":"text","type":"labels","origin":"manual"},{"value":{"start":356,"end":363,"text":"friends","labels":["PERSON"]},"id":"tVR93gVCTX","from_name":"label","to_name":"text","type":"labels","origin":"manual"},{"value":{"start":364,"end":370,"text":"family","labels":["PERSON"]},"id":"knDQGiqTyw","from_name":"label","to_name":"text","type":"labels","origin":"manual"}],"was_cancelled":false,"ground_truth":false,"created_at":"2024-11-17T12:12:48.384362Z","updated_at":"2024-11-17T12:12:48.384375Z","draft_created_at":"2024-11-17T12:12:36.075044Z","lead_time":40.1,"prediction":{"id":42,"result":[{"from_name":"label","to_name":"text","type":"labels","value":{"start":28,"end":39,"text":"every night","labels":["TIME"]}},{"from_name":"label","to_name":"text","type":"labels","value":{"start":53,"end":66,"text":"every morning","labels":["TIME"]}},{"from_name":"label","to_name":"text","type":"labels","value":{"start":315,"end":323,"text":"tomorrow","labels":["DATE"]}}],"model_version":"en_core_web_sm","created_ago":"18 minutes","score":null,"cluster":null,"neighbors":null,"mislabeling":0.0,"created_at":"2024-11-17T11:54:47.776678Z","updated_at":"2024-11-17T11:54:47.776686Z","model":null,"model_run":null,"task":12,"project":5},"result_count":0,"unique_id":"dd929a51-141a-467e-a7e8-f56161757a19","import_id":null,"last_action":null,"task":12,"project":5,"updated_by":1,"parent_prediction":42,"parent_annotation":null,"last_created_by":null}],"file_upload":"6ae68ef7-tasks_38_69.json","drafts":[],"predictions":[42],"data":{"text":"Done misery tired going bed every night tired waking every morning tired listening fucking dumb every day tired looking job tired opening people make fun me pretend care tired tell only reason still alive want to destroy brothers life knowing brother would even care real reason coward tired looking fucking reason tomorrow know do know even try when fell friends family showed real faces showed much care much want deal shit much want leave wish end it done take away want it wish could restart fucking game delete old saves start over fucking wish hope everyone reading someone around hard times everyone deserves it hope happy tired"},"meta":{},"created_at":"2024-11-17T11:54:47.767887Z","updated_at":"2024-11-17T12:12:48.403680Z","inner_id":12,"total_annotations":1,"cancelled_annotations":0,"total_predictions":1,"comment_count":0,"unresolved_comment_count":0,"last_comment_updated_at":null,"project":5,"updated_by":1,"comment_authors":[]},{"id":13,"annotations":[{"id":17,"completed_by":1,"result":[],"was_cancelled":false,"ground_truth":false,"created_at":"2024-11-17T12:13:15.369513Z","updated_at":"2024-11-17T12:13:15.369533Z","draft_created_at":null,"lead_time":0.89,"prediction":{"id":43,"result":[],"model_version":"en_core_web_sm","created_ago":"18 minutes","score":null,"cluster":null,"neighbors":null,"mislabeling":0.0,"created_at":"2024-11-17T11:54:47.776707Z","updated_at":"2024-11-17T11:54:47.776715Z","model":null,"model_run":null,"task":13,"project":5},"result_count":0,"unique_id":"ec64bf3e-63d9-41b0-9618-0437cb435041","import_id":null,"last_action":null,"task":13,"project":5,"updated_by":1,"parent_prediction":43,"parent_annotation":null,"last_created_by":null}],"file_upload":"6ae68ef7-tasks_38_69.json","drafts":[],"predictions":[43],"data":{"text":"Feel cold hollow inside never written anything like before everyone know getting married long term relationships can't seem even garner interest never thought anyone puts deepest darkest depression want beautiful woman feel like utter failure I'm friend intimacy feel like I'm always awkward embarrassing want end waste life really want die ill struggle along really want stop know I'm typing this get chest perhaps whatever"},"meta":{},"created_at":"2024-11-17T11:54:47.767941Z","updated_at":"2024-11-17T12:13:15.387524Z","inner_id":13,"total_annotations":1,"cancelled_annotations":0,"total_predictions":1,"comment_count":0,"unresolved_comment_count":0,"last_comment_updated_at":null,"project":5,"updated_by":1,"comment_authors":[]},{"id":14,"annotations":[{"id":18,"completed_by":1,"result":[{"value":{"start":10,"end":16,"text":"sister","labels":["PERSON"]},"id":"52I6ure83Z","from_name":"label","to_name":"text","type":"labels","origin":"manual"},{"value":{"start":120,"end":129,"text":"past year","labels":["TIME"]},"id":"6e42aw8e9E","from_name":"label","to_name":"text","type":"labels","origin":"manual"},{"value":{"start":245,"end":246,"text":"I","labels":["PERSON"]},"id":"Vz7UnBtfhu","from_name":"label","to_name":"text","type":"labels","origin":"manual"},{"value":{"start":96,"end":98,"text":"we","labels":["PERSON"]},"id":"_RhaoxqRzW","from_name":"label","to_name":"text","type":"labels","origin":"manual"},{"value":{"start":36,"end":42,"text":"Friday","labels":["TIME"]},"id":"m7TNx_fu2a","from_name":"label","to_name":"text","type":"labels","origin":"manual"}],"was_cancelled":false,"ground_truth":false,"created_at":"2024-11-17T12:15:42.492152Z","updated_at":"2024-11-17T12:16:22.687130Z","draft_created_at":"2024-11-17T12:13:30.169357Z","lead_time":158.69,"prediction":{"id":44,"result":[{"from_name":"label","to_name":"text","type":"labels","value":{"start":36,"end":42,"text":"Friday","labels":["DATE"]}},{"from_name":"label","to_name":"text","type":"labels","value":{"start":120,"end":129,"text":"past year","labels":["DATE"]}}],"model_version":"en_core_web_sm","created_ago":"20 minutes","score":null,"cluster":null,"neighbors":null,"mislabeling":0.0,"created_at":"2024-11-17T11:54:47.776750Z","updated_at":"2024-11-17T11:54:47.776758Z","model":null,"model_run":null,"task":14,"project":5},"result_count":0,"unique_id":"fe8fc594-48b2-42f8-a753-ae32e30dd028","import_id":null,"last_action":null,"task":14,"project":5,"updated_by":1,"parent_prediction":44,"parent_annotation":null,"last_created_by":null}],"file_upload":"6ae68ef7-tasks_38_69.json","drafts":[],"predictions":[44],"data":{"text":" Year old sister attempted red flag Friday looking guidance shes currently hospital still psych we've helping treatment past year I'm loss communicate effectively positively any more want upset want to trust me I'm looking sort guidance go this I'm lost love much want help much possible sure correct place post is"},"meta":{},"created_at":"2024-11-17T11:54:47.767999Z","updated_at":"2024-11-17T12:16:22.701562Z","inner_id":14,"total_annotations":1,"cancelled_annotations":0,"total_predictions":1,"comment_count":0,"unresolved_comment_count":0,"last_comment_updated_at":null,"project":5,"updated_by":1,"comment_authors":[]},{"id":15,"annotations":[{"id":19,"completed_by":1,"result":[{"value":{"start":0,"end":8,"text":"Everyone","labels":["PERSON"]},"id":"FjnZ4cHmtX","from_name":"label","to_name":"text","type":"labels","origin":"manual"},{"value":{"start":33,"end":39,"text":"nobody","labels":["PERSON"]},"id":"JVOTnX3Kjg","from_name":"label","to_name":"text","type":"labels","origin":"manual"}],"was_cancelled":false,"ground_truth":false,"created_at":"2024-11-17T12:16:37.616028Z","updated_at":"2024-11-17T12:16:37.616048Z","draft_created_at":null,"lead_time":7.823,"prediction":{"id":45,"result":[],"model_version":"en_core_web_sm","created_ago":"21 minutes","score":null,"cluster":null,"neighbors":null,"mislabeling":0.0,"created_at":"2024-11-17T11:54:47.776780Z","updated_at":"2024-11-17T11:54:47.776788Z","model":null,"model_run":null,"task":15,"project":5},"result_count":0,"unique_id":"a0292507-612a-4c61-855f-ae023ac37160","import_id":null,"last_action":null,"task":15,"project":5,"updated_by":1,"parent_prediction":45,"parent_annotation":null,"last_created_by":null}],"file_upload":"6ae68ef7-tasks_38_69.json","drafts":[],"predictions":[45],"data":{"text":"Everyone seems to enjoy suicidal nobody cares"},"meta":{},"created_at":"2024-11-17T11:54:47.768050Z","updated_at":"2024-11-17T12:16:37.635661Z","inner_id":15,"total_annotations":1,"cancelled_annotations":0,"total_predictions":1,"comment_count":0,"unresolved_comment_count":0,"last_comment_updated_at":null,"project":5,"updated_by":1,"comment_authors":[]},{"id":16,"annotations":[{"id":20,"completed_by":1,"result":[{"value":{"start":70,"end":76,"text":"second","labels":["ORDINAL"]},"id":"ot3JVlSSn2","from_name":"label","to_name":"text","type":"labels","origin":"prediction"},{"value":{"start":301,"end":313,"text":"early nights","labels":["DATE"]},"id":"6s391Bb5l0","from_name":"label","to_name":"text","type":"labels","origin":"prediction"},{"value":{"start":135,"end":139,"text":"city","labels":["LOC"]},"id":"ArxrCC6nOH","from_name":"label","to_name":"text","type":"labels","origin":"manual"},{"value":{"start":140,"end":149,"text":"countries","labels":["LOC"]},"id":"zWrVmMnykK","from_name":"label","to_name":"text","type":"labels","origin":"manual"},{"value":{"start":203,"end":209,"text":"friend","labels":["PERSON"]},"id":"Lj_ySELnFL","from_name":"label","to_name":"text","type":"labels","origin":"manual"}],"was_cancelled":false,"ground_truth":false,"created_at":"2024-11-17T12:17:39.847861Z","updated_at":"2024-11-17T12:17:39.847878Z","draft_created_at":"2024-11-17T12:16:53.313504Z","lead_time":60.081,"prediction":{"id":46,"result":[{"from_name":"label","to_name":"text","type":"labels","value":{"start":70,"end":76,"text":"second","labels":["ORDINAL"]}},{"from_name":"label","to_name":"text","type":"labels","value":{"start":301,"end":313,"text":"early nights","labels":["DATE"]}}],"model_version":"en_core_web_sm","created_ago":"22 minutes","score":null,"cluster":null,"neighbors":null,"mislabeling":0.0,"created_at":"2024-11-17T11:54:47.776818Z","updated_at":"2024-11-17T11:54:47.776826Z","model":null,"model_run":null,"task":16,"project":5},"result_count":0,"unique_id":"f05cfdac-a946-4ca3-a209-43d33d635090","import_id":null,"last_action":null,"task":16,"project":5,"updated_by":1,"parent_prediction":46,"parent_annotation":null,"last_created_by":null}],"file_upload":"6ae68ef7-tasks_38_69.json","drafts":[],"predictions":[46],"data":{"text":"Failing college know do long post to repeat exam sim sure failed them second time I'm sure get college majority friends gt people left city countries parents live km away anyone give good reason end now friend left I'm tired time I'm fucking failing every aspect life exercise eat properly try to get early nights cant ever feel happy social life one talk to future college air feel like I'm stuck mud everyone's passing by apologies upset anyone"},"meta":{},"created_at":"2024-11-17T11:54:47.768107Z","updated_at":"2024-11-17T12:17:39.862944Z","inner_id":16,"total_annotations":1,"cancelled_annotations":0,"total_predictions":1,"comment_count":0,"unresolved_comment_count":0,"last_comment_updated_at":null,"project":5,"updated_by":1,"comment_authors":[]},{"id":17,"annotations":[{"id":21,"completed_by":1,"result":[{"value":{"start":8,"end":10,"text":"bf","labels":["PERSON"]},"id":"jeDRbKWHsP","from_name":"label","to_name":"text","type":"labels","origin":"manual"},{"value":{"start":16,"end":19,"text":"guy","labels":["PERSON"]},"id":"2PrJzrsIuM","from_name":"label","to_name":"text","type":"labels","origin":"manual"},{"value":{"start":20,"end":27,"text":"friends","labels":["PERSON"]},"id":"8oKr5qX16Q","from_name":"label","to_name":"text","type":"labels","origin":"manual"},{"value":{"start":134,"end":140,"text":"people","labels":["PERSON"]},"id":"d9RtBdrMEJ","from_name":"label","to_name":"text","type":"labels","origin":"manual"}],"was_cancelled":false,"ground_truth":false,"created_at":"2024-11-17T12:18:37.948018Z","updated_at":"2024-11-17T12:18:37.948028Z","draft_created_at":"2024-11-17T12:17:56.955180Z","lead_time":54.024,"prediction":{"id":47,"result":[{"from_name":"label","to_name":"text","type":"labels","value":{"start":193,"end":196,"text":"one","labels":["CARDINAL"]}}],"model_version":"en_core_web_sm","created_ago":"23 minutes","score":null,"cluster":null,"neighbors":null,"mislabeling":0.0,"created_at":"2024-11-17T11:54:47.776852Z","updated_at":"2024-11-17T11:54:47.776860Z","model":null,"model_run":null,"task":17,"project":5},"result_count":0,"unique_id":"8d3b00c4-2431-46ec-a864-a855d1fe85c7","import_id":null,"last_action":null,"task":17,"project":5,"updated_by":1,"parent_prediction":47,"parent_annotation":null,"last_created_by":null}],"file_upload":"6ae68ef7-tasks_38_69.json","drafts":[],"predictions":[47],"data":{"text":"Current bf care guy friends trusts put precarious position feeling guilt go away cant spend rest life working spending time home away people level red flag near panic attack occasionally leads one point don't eat barely sleep days tldr feeling guilty nothing conditioned previously abusive relationship"},"meta":{},"created_at":"2024-11-17T11:54:47.768163Z","updated_at":"2024-11-17T12:18:37.964234Z","inner_id":17,"total_annotations":1,"cancelled_annotations":0,"total_predictions":1,"comment_count":0,"unresolved_comment_count":0,"last_comment_updated_at":null,"project":5,"updated_by":1,"comment_authors":[]},{"id":18,"annotations":[{"id":22,"completed_by":1,"result":[{"value":{"start":43,"end":53,"text":"garden pot","labels":["LOC"]},"id":"3baWV-luyU","from_name":"label","to_name":"text","type":"labels","origin":"manual"},{"value":{"start":139,"end":147,"text":"birthday","labels":["DATE"]},"id":"LI8ph_hx98","from_name":"label","to_name":"text","type":"labels","origin":"manual"}],"was_cancelled":false,"ground_truth":false,"created_at":"2024-11-17T12:19:16.887298Z","updated_at":"2024-11-17T12:19:16.887323Z","draft_created_at":"2024-11-17T12:18:59.616826Z","lead_time":37.276,"prediction":{"id":48,"result":[{"from_name":"label","to_name":"text","type":"labels","value":{"start":148,"end":151,"text":"IDK","labels":["ORG"]}}],"model_version":"en_core_web_sm","created_ago":"24 minutes","score":null,"cluster":null,"neighbors":null,"mislabeling":0.0,"created_at":"2024-11-17T11:54:47.776885Z","updated_at":"2024-11-17T11:54:47.776893Z","model":null,"model_run":null,"task":18,"project":5},"result_count":0,"unique_id":"201247fc-aa7a-438e-a5cd-23e87753d924","import_id":null,"last_action":null,"task":18,"project":5,"updated_by":1,"parent_prediction":48,"parent_annotation":null,"last_created_by":null}],"file_upload":"6ae68ef7-tasks_38_69.json","drafts":[],"predictions":[48],"data":{"text":"Rabbit died rabbit named thumped died fell garden pot broke neck really nice bunny fearless scared anyone add insult injury happened right birthday IDK posting sad"},"meta":{},"created_at":"2024-11-17T11:54:47.768215Z","updated_at":"2024-11-17T12:19:16.909114Z","inner_id":18,"total_annotations":1,"cancelled_annotations":0,"total_predictions":1,"comment_count":0,"unresolved_comment_count":0,"last_comment_updated_at":null,"project":5,"updated_by":1,"comment_authors":[]},{"id":19,"annotations":[{"id":23,"completed_by":1,"result":[{"value":{"start":59,"end":64,"text":"first","labels":["ORDINAL"]},"id":"SCRyZ8ERhr","from_name":"label","to_name":"text","type":"labels","origin":"prediction"},{"value":{"start":113,"end":118,"text":"first","labels":["ORDINAL"]},"id":"zHS-0MOfBw","from_name":"label","to_name":"text","type":"labels","origin":"prediction"},{"value":{"start":172,"end":177,"text":"first","labels":["ORDINAL"]},"id":"Go7RHuK5ER","from_name":"label","to_name":"text","type":"labels","origin":"prediction"},{"value":{"start":213,"end":218,"text":"first","labels":["ORDINAL"]},"id":"XuFnuy6CLU","from_name":"label","to_name":"text","type":"labels","origin":"prediction"},{"value":{"start":29,"end":33,"text":"film","labels":["WORK_OF_ART"]},"id":"OTs0vdpBkz","from_name":"label","to_name":"text","type":"labels","origin":"manual"},{"value":{"start":76,"end":80,"text":"film","labels":["WORK_OF_ART"]},"id":"kJbLCZ9FwL","from_name":"label","to_name":"text","type":"labels","origin":"manual"},{"value":{"start":81,"end":86,"text":"movie","labels":["WORK_OF_ART"]},"id":"zScEJoXwLQ","from_name":"label","to_name":"text","type":"labels","origin":"manual"},{"value":{"start":178,"end":185,"text":"minutes","labels":["TIME"]},"id":"BqHgks6TPC","from_name":"label","to_name":"text","type":"labels","origin":"manual"},{"value":{"start":271,"end":291,"text":"nineteen eighty-four","labels":["QUANTITY"]},"id":"IkAN0TKsHE","from_name":"label","to_name":"text","type":"labels","origin":"manual"}],"was_cancelled":false,"ground_truth":false,"created_at":"2024-11-17T12:21:14.559193Z","updated_at":"2024-11-17T12:21:14.559201Z","draft_created_at":"2024-11-17T12:19:44.672495Z","lead_time":115.476,"prediction":{"id":49,"result":[{"from_name":"label","to_name":"text","type":"labels","value":{"start":59,"end":64,"text":"first","labels":["ORDINAL"]}},{"from_name":"label","to_name":"text","type":"labels","value":{"start":113,"end":118,"text":"first","labels":["ORDINAL"]}},{"from_name":"label","to_name":"text","type":"labels","value":{"start":150,"end":153,"text":"one","labels":["CARDINAL"]}},{"from_name":"label","to_name":"text","type":"labels","value":{"start":172,"end":177,"text":"first","labels":["ORDINAL"]}},{"from_name":"label","to_name":"text","type":"labels","value":{"start":192,"end":195,"text":"one","labels":["CARDINAL"]}},{"from_name":"label","to_name":"text","type":"labels","value":{"start":213,"end":218,"text":"first","labels":["ORDINAL"]}},{"from_name":"label","to_name":"text","type":"labels","value":{"start":271,"end":291,"text":"nineteen eighty - four","labels":["DATE"]}},{"from_name":"label","to_name":"text","type":"labels","value":{"start":363,"end":366,"text":"one","labels":["CARDINAL"]}}],"model_version":"en_core_web_sm","created_ago":"26 minutes","score":null,"cluster":null,"neighbors":null,"mislabeling":0.0,"created_at":"2024-11-17T11:54:47.776944Z","updated_at":"2024-11-17T11:54:47.776952Z","model":null,"model_run":null,"task":19,"project":5},"result_count":0,"unique_id":"141c5fe1-c56e-4492-88b9-96761eaaf4c0","import_id":null,"last_action":null,"task":19,"project":5,"updated_by":1,"parent_prediction":49,"parent_annotation":null,"last_created_by":null}],"file_upload":"6ae68ef7-tasks_38_69.json","drafts":[],"predictions":[49],"data":{"text":"Okay wasn't expecting rented film see would since want see first one anyway film movie it watched realized funny first minutes snowman killing people one man losing sanity first minutes funny one-liners it throws first little minions knew would funnily act like gremlins nineteen eighty-four hit gremlins made look like spoofing made forget movie like laugh rent one"},"meta":{},"created_at":"2024-11-17T11:54:47.768270Z","updated_at":"2024-11-17T12:21:14.575631Z","inner_id":19,"total_annotations":1,"cancelled_annotations":0,"total_predictions":1,"comment_count":0,"unresolved_comment_count":0,"last_comment_updated_at":null,"project":5,"updated_by":1,"comment_authors":[]},{"id":20,"annotations":[{"id":24,"completed_by":1,"result":[{"value":{"start":117,"end":123,"text":"person","labels":["PERSON"]},"id":"BrxzG-sX9G","from_name":"label","to_name":"text","type":"labels","origin":"manual"}],"was_cancelled":false,"ground_truth":false,"created_at":"2024-11-17T12:22:18.815560Z","updated_at":"2024-11-17T12:22:18.815580Z","draft_created_at":"2024-11-17T12:22:01.675396Z","lead_time":60.782,"prediction":{"id":50,"result":[],"model_version":"en_core_web_sm","created_ago":"27 minutes","score":null,"cluster":null,"neighbors":null,"mislabeling":0.0,"created_at":"2024-11-17T11:54:47.776974Z","updated_at":"2024-11-17T11:54:47.776982Z","model":null,"model_run":null,"task":20,"project":5},"result_count":0,"unique_id":"50dd036a-4b45-470d-b2f6-83fe8d215605","import_id":null,"last_action":null,"task":20,"project":5,"updated_by":1,"parent_prediction":50,"parent_annotation":null,"last_created_by":null}],"file_upload":"6ae68ef7-tasks_38_69.json","drafts":[],"predictions":[50],"data":{"text":"Title rock abuse I'm scared deadlock bullying lately really wanted kill myself thing is scared rock music genre rock person online terrifying I'm scared violent I'm scared listen I'm scared please red flag way nothing else I'm scare dim fucking scared meeting since threatened sell valuable things life yes power I'm scare dim really scared please help myself I'm scared sorry I'm scared tried meet park pictured him scared even more big can't strong big scares me tried stab i scared said try would slaughter dog don't want any more mg acetaminophen way please painless im scared ok love hate I'm scared miss pebble was might need call help, help I'm scared rock remember I'm gone ill haunt you scared best regards dead"},"meta":{},"created_at":"2024-11-17T11:54:47.768328Z","updated_at":"2024-11-17T12:22:18.833385Z","inner_id":20,"total_annotations":1,"cancelled_annotations":0,"total_predictions":1,"comment_count":0,"unresolved_comment_count":0,"last_comment_updated_at":null,"project":5,"updated_by":1,"comment_authors":[]},{"id":21,"annotations":[{"id":25,"completed_by":1,"result":[{"value":{"start":77,"end":83,"text":"summer","labels":["DATE"]},"id":"99mP8o8Qrm","from_name":"label","to_name":"text","type":"labels","origin":"prediction"},{"value":{"start":0,"end":3,"text":"Mom","labels":["PERSON"]},"id":"EeSniYSeYg","from_name":"label","to_name":"text","type":"labels","origin":"manual"},{"value":{"start":24,"end":29,"text":"house","labels":["LOC"]},"id":"spDHsiwWVn","from_name":"label","to_name":"text","type":"labels","origin":"manual"},{"value":{"start":52,"end":59,"text":"friends","labels":["PERSON"]},"id":"YBVXKXlGn9","from_name":"label","to_name":"text","type":"labels","origin":"manual"},{"value":{"start":60,"end":63,"text":"mom","labels":["PERSON"]},"id":"2ZYytqzlxq","from_name":"label","to_name":"text","type":"labels","origin":"manual"},{"value":{"start":242,"end":248,"text":"friend","labels":["PERSON"]},"id":"JL_IwyHd6l","from_name":"label","to_name":"text","type":"labels","origin":"manual"},{"value":{"start":238,"end":241,"text":"one","labels":["QUANTITY"]},"id":"1sYDHOafyl","from_name":"label","to_name":"text","type":"labels","origin":"manual"},{"value":{"start":285,"end":288,"text":"mom","labels":["PERSON"]},"id":"KiT5m5aVQE","from_name":"label","to_name":"text","type":"labels","origin":"manual"}],"was_cancelled":false,"ground_truth":false,"created_at":"2024-11-17T12:22:52.213644Z","updated_at":"2024-11-17T12:22:52.213667Z","draft_created_at":"2024-11-17T12:22:29.873608Z","lead_time":30.773,"prediction":{"id":51,"result":[{"from_name":"label","to_name":"text","type":"labels","value":{"start":77,"end":83,"text":"summer","labels":["DATE"]}},{"from_name":"label","to_name":"text","type":"labels","value":{"start":238,"end":241,"text":"one","labels":["CARDINAL"]}}],"model_version":"en_core_web_sm","created_ago":"28 minutes","score":null,"cluster":null,"neighbors":null,"mislabeling":0.0,"created_at":"2024-11-17T11:54:47.777011Z","updated_at":"2024-11-17T11:54:47.777018Z","model":null,"model_run":null,"task":21,"project":5},"result_count":0,"unique_id":"0efc10eb-7384-4c39-85cc-1e6b22b70d9b","import_id":null,"last_action":null,"task":21,"project":5,"updated_by":1,"parent_prediction":51,"parent_annotation":null,"last_created_by":null}],"file_upload":"6ae68ef7-tasks_38_69.json","drafts":[],"predictions":[51],"data":{"text":"Mom literally yells get house moment I'm asked hang friends mom yells anyway summer house basically everyday walking around town friends everyone stopped inviting hang out meanwhile mom yells asking stopped getting house a little bit ago one friend called asked wanted hang her go ask mom drive says no give reason keeps saying no idea think RN I'm mad upset"},"meta":{},"created_at":"2024-11-17T11:54:47.768382Z","updated_at":"2024-11-17T12:22:52.232671Z","inner_id":21,"total_annotations":1,"cancelled_annotations":0,"total_predictions":1,"comment_count":0,"unresolved_comment_count":0,"last_comment_updated_at":null,"project":5,"updated_by":1,"comment_authors":[]},{"id":22,"annotations":[{"id":26,"completed_by":1,"result":[{"value":{"start":35,"end":41,"text":"people","labels":["PERSON"]},"id":"XSSHRyMauB","from_name":"label","to_name":"text","type":"labels","origin":"manual"},{"value":{"start":6,"end":12,"text":"anyone","labels":["PERSON"]},"id":"y8WUqrDTa9","from_name":"label","to_name":"text","type":"labels","origin":"manual"}],"was_cancelled":false,"ground_truth":false,"created_at":"2024-11-17T12:23:09.010005Z","updated_at":"2024-11-17T12:23:09.010020Z","draft_created_at":null,"lead_time":14.762,"prediction":{"id":52,"result":[],"model_version":"en_core_web_sm","created_ago":"28 minutes","score":null,"cluster":null,"neighbors":null,"mislabeling":0.0,"created_at":"2024-11-17T11:54:47.777040Z","updated_at":"2024-11-17T11:54:47.777047Z","model":null,"model_run":null,"task":22,"project":5},"result_count":0,"unique_id":"50309395-c2e2-4e9d-88b6-cb405a285ceb","import_id":null,"last_action":null,"task":22,"project":5,"updated_by":1,"parent_prediction":52,"parent_annotation":null,"last_created_by":null}],"file_upload":"6ae68ef7-tasks_38_69.json","drafts":[],"predictions":[52],"data":{"text":"Hello anyone feeling suicidal hear people lying truth httpswwwyoutubecomwatchvjkcjcbtqehttpswwwyoutubecomwatchvjkcjcbtqe feel suicidal go"},"meta":{},"created_at":"2024-11-17T11:54:47.768434Z","updated_at":"2024-11-17T12:23:09.023113Z","inner_id":22,"total_annotations":1,"cancelled_annotations":0,"total_predictions":1,"comment_count":0,"unresolved_comment_count":0,"last_comment_updated_at":null,"project":5,"updated_by":1,"comment_authors":[]},{"id":23,"annotations":[{"id":27,"completed_by":1,"result":[{"value":{"start":5,"end":12,"text":"tonight","labels":["TIME"]},"id":"tA-LRvMnOu","from_name":"label","to_name":"text","type":"labels","origin":"prediction"}],"was_cancelled":false,"ground_truth":false,"created_at":"2024-11-17T12:23:15.215051Z","updated_at":"2024-11-17T12:23:15.215065Z","draft_created_at":null,"lead_time":4.714,"prediction":{"id":53,"result":[{"from_name":"label","to_name":"text","type":"labels","value":{"start":5,"end":12,"text":"tonight","labels":["TIME"]}}],"model_version":"en_core_web_sm","created_ago":"28 minutes","score":null,"cluster":null,"neighbors":null,"mislabeling":0.0,"created_at":"2024-11-17T11:54:47.777073Z","updated_at":"2024-11-17T11:54:47.777081Z","model":null,"model_run":null,"task":23,"project":5},"result_count":0,"unique_id":"1a2a7adf-5398-426e-a0ac-6c4513be191a","import_id":null,"last_action":null,"task":23,"project":5,"updated_by":1,"parent_prediction":53,"parent_annotation":null,"last_created_by":null}],"file_upload":"6ae68ef7-tasks_38_69.json","drafts":[],"predictions":[53],"data":{"text":"Kill tonight real whats point"},"meta":{},"created_at":"2024-11-17T11:54:47.768485Z","updated_at":"2024-11-17T12:23:15.232838Z","inner_id":23,"total_annotations":1,"cancelled_annotations":0,"total_predictions":1,"comment_count":0,"unresolved_comment_count":0,"last_comment_updated_at":null,"project":5,"updated_by":1,"comment_authors":[]},{"id":24,"annotations":[{"id":28,"completed_by":1,"result":[{"value":{"start":0,"end":7,"text":"Husband","labels":["GPE"]},"id":"P_h_h6ozdl","from_name":"label","to_name":"text","type":"labels","origin":"prediction"},{"value":{"start":77,"end":85,"text":"Saturday","labels":["DATE"]},"id":"dxNkoHaJkt","from_name":"label","to_name":"text","type":"labels","origin":"prediction"},{"value":{"start":190,"end":211,"text":"almost hundred pounds","labels":["QUANTITY"]},"id":"JP7c7M_sAj","from_name":"label","to_name":"text","type":"labels","origin":"prediction"},{"value":{"start":49,"end":56,"text":"husband","labels":["PERSON"]},"id":"V-ns3MzAUZ","from_name":"label","to_name":"text","type":"labels","origin":"manual"},{"value":{"start":186,"end":189,"text":"man","labels":["PERSON"]},"id":"32FKGMqIlF","from_name":"label","to_name":"text","type":"labels","origin":"manual"}],"was_cancelled":false,"ground_truth":false,"created_at":"2024-11-17T12:23:34.300834Z","updated_at":"2024-11-17T12:23:34.300851Z","draft_created_at":"2024-11-17T12:23:26.239131Z","lead_time":18.113,"prediction":{"id":54,"result":[{"from_name":"label","to_name":"text","type":"labels","value":{"start":0,"end":7,"text":"Husband","labels":["GPE"]}},{"from_name":"label","to_name":"text","type":"labels","value":{"start":77,"end":85,"text":"Saturday","labels":["DATE"]}},{"from_name":"label","to_name":"text","type":"labels","value":{"start":190,"end":211,"text":"almost hundred pounds","labels":["QUANTITY"]}}],"model_version":"en_core_web_sm","created_ago":"28 minutes","score":null,"cluster":null,"neighbors":null,"mislabeling":0.0,"created_at":"2024-11-17T11:54:47.777116Z","updated_at":"2024-11-17T11:54:47.777124Z","model":null,"model_run":null,"task":24,"project":5},"result_count":0,"unique_id":"5d97c0e2-cc0f-4f5b-9e02-bc1d244db635","import_id":null,"last_action":null,"task":24,"project":5,"updated_by":1,"parent_prediction":54,"parent_annotation":null,"last_created_by":null}],"file_upload":"6ae68ef7-tasks_38_69.json","drafts":[],"predictions":[54],"data":{"text":"Husband told dive detoxing trying hard get clean husband told I'm well, well Saturday got blackout drunk hit hard OD hang slit wrists unlike know save family I've put hell detox got hit man almost hundred pounds weight more"},"meta":{},"created_at":"2024-11-17T11:54:47.768537Z","updated_at":"2024-11-17T12:23:34.317563Z","inner_id":24,"total_annotations":1,"cancelled_annotations":0,"total_predictions":1,"comment_count":0,"unresolved_comment_count":0,"last_comment_updated_at":null,"project":5,"updated_by":1,"comment_authors":[]},{"id":25,"annotations":[{"id":29,"completed_by":1,"result":[{"value":{"start":467,"end":476,"text":"Instagram","labels":["ORG"]},"id":"MEw95dsNGu","from_name":"label","to_name":"text","type":"labels","origin":"prediction"},{"value":{"start":538,"end":550,"text":"months first","labels":["DATE"]},"id":"bPYd5rzrJx","from_name":"label","to_name":"text","type":"labels","origin":"prediction"},{"value":{"start":93,"end":100,"text":"friends","labels":["PERSON"]},"id":"2dLRTejInP","from_name":"label","to_name":"text","type":"labels","origin":"manual"},{"value":{"start":192,"end":203,"text":"best friend","labels":["PERSON"]},"id":"yaWwkVm4h5","from_name":"label","to_name":"text","type":"labels","origin":"manual"},{"value":{"start":270,"end":273,"text":"BFF","labels":["PERSON"]},"id":"yF6ykTH1t7","from_name":"label","to_name":"text","type":"labels","origin":"manual"},{"value":{"start":827,"end":831,"text":"zero","labels":["QUANTITY"]},"id":"Fs_v8xuhxr","from_name":"label","to_name":"text","type":"labels","origin":"manual"},{"value":{"start":749,"end":755,"text":"family","labels":["PERSON"]},"id":"Vt7Qix3m73","from_name":"label","to_name":"text","type":"labels","origin":"manual"},{"value":{"start":428,"end":434,"text":"people","labels":["PERSON"]},"id":"UO0D2reGLG","from_name":"label","to_name":"text","type":"labels","origin":"manual"},{"value":{"start":311,"end":318,"text":"friends","labels":["PERSON"]},"id":"tsw_fx5stV","from_name":"label","to_name":"text","type":"labels","origin":"manual"},{"value":{"start":307,"end":310,"text":"one","labels":["QUANTITY"]},"id":"SzWvmF6fKL","from_name":"label","to_name":"text","type":"labels","origin":"manual"},{"value":{"start":372,"end":381,"text":"Subreddit","labels":["PRODUCT"]},"id":"88Y6xhZDsc","from_name":"label","to_name":"text","type":"labels","origin":"manual"},{"value":{"start":382,"end":389,"text":"friends","labels":["PERSON"]},"id":"AaySv2JtDx","from_name":"label","to_name":"text","type":"labels","origin":"manual"}],"was_cancelled":false,"ground_truth":false,"created_at":"2024-11-17T12:25:24.386082Z","updated_at":"2024-11-17T12:25:24.386097Z","draft_created_at":"2024-11-17T12:24:13.986087Z","lead_time":108.205,"prediction":{"id":55,"result":[{"from_name":"label","to_name":"text","type":"labels","value":{"start":270,"end":273,"text":"BFF","labels":["ORG"]}},{"from_name":"label","to_name":"text","type":"labels","value":{"start":467,"end":476,"text":"Instagram","labels":["ORG"]}},{"from_name":"label","to_name":"text","type":"labels","value":{"start":538,"end":550,"text":"months first","labels":["DATE"]}},{"from_name":"label","to_name":"text","type":"labels","value":{"start":827,"end":831,"text":"zero","labels":["CARDINAL"]}}],"model_version":"en_core_web_sm","created_ago":"30 minutes","score":null,"cluster":null,"neighbors":null,"mislabeling":0.0,"created_at":"2024-11-17T11:54:47.777164Z","updated_at":"2024-11-17T11:54:47.777172Z","model":null,"model_run":null,"task":25,"project":5},"result_count":0,"unique_id":"15efb00a-f963-4000-a28c-215294177ee9","import_id":null,"last_action":null,"task":25,"project":5,"updated_by":1,"parent_prediction":55,"parent_annotation":null,"last_created_by":null}],"file_upload":"6ae68ef7-tasks_38_69.json","drafts":[],"predictions":[55],"data":{"text":" Reasons suck generally cold unfeeling person most know definitely come dick robot something friends rarely ever show emotion say talk shit must major trust issues something because even tell best friend feel however time definitely dump drama certain way much may tell BFF anything terrible habit bitching one friends I'm sure sucks them feel like I'd rather tell random Subreddit friends fact did one previous posts here drag people shit reason recently took break Instagram felt like bad mental health way I've pretty depressed passed months first time really public friends going even though go detail anyway got bunch em concerned well-being brought up days directed towards checking see I'm okay I'm completely wasting time I'm genuinely rude family already mentioned I'm generally robotic I'm significantly worse family zero respect them I'm holding grudges probably"},"meta":{},"created_at":"2024-11-17T11:54:47.768594Z","updated_at":"2024-11-17T12:25:24.400014Z","inner_id":25,"total_annotations":1,"cancelled_annotations":0,"total_predictions":1,"comment_count":0,"unresolved_comment_count":0,"last_comment_updated_at":null,"project":5,"updated_by":1,"comment_authors":[]},{"id":26,"annotations":[{"id":30,"completed_by":1,"result":[{"value":{"start":76,"end":84,"text":"tomorrow","labels":["DATE"]},"id":"ttQBHsIEx6","from_name":"label","to_name":"text","type":"labels","origin":"prediction"},{"value":{"start":104,"end":112,"text":"tomorrow","labels":["DATE"]},"id":"Lho61IHgIZ","from_name":"label","to_name":"text","type":"labels","origin":"prediction"},{"value":{"start":127,"end":133,"text":"Monday","labels":["DATE"]},"id":"OPH3ZsmDYN","from_name":"label","to_name":"text","type":"labels","origin":"prediction"},{"value":{"start":137,"end":144,"text":"Tuesday","labels":["DATE"]},"id":"hAfLIE_Lah","from_name":"label","to_name":"text","type":"labels","origin":"prediction"},{"value":{"start":97,"end":103,"text":"school","labels":["LOC"]},"id":"Xi9o4Kl4K5","from_name":"label","to_name":"text","type":"labels","origin":"manual"},{"value":{"start":192,"end":199,"text":"Netflix","labels":["ORG"]},"id":"jWK3glU2mT","from_name":"label","to_name":"text","type":"labels","origin":"manual"}],"was_cancelled":false,"ground_truth":false,"created_at":"2024-11-17T12:26:21.886076Z","updated_at":"2024-11-17T12:26:21.886088Z","draft_created_at":"2024-11-17T12:26:08.023245Z","lead_time":28.372,"prediction":{"id":56,"result":[{"from_name":"label","to_name":"text","type":"labels","value":{"start":76,"end":84,"text":"tomorrow","labels":["DATE"]}},{"from_name":"label","to_name":"text","type":"labels","value":{"start":104,"end":112,"text":"tomorrow","labels":["DATE"]}},{"from_name":"label","to_name":"text","type":"labels","value":{"start":127,"end":133,"text":"Monday","labels":["DATE"]}},{"from_name":"label","to_name":"text","type":"labels","value":{"start":137,"end":144,"text":"Tuesday","labels":["DATE"]}},{"from_name":"label","to_name":"text","type":"labels","value":{"start":192,"end":199,"text":"Netflix","labels":["GPE"]}}],"model_version":"en_core_web_sm","created_ago":"31 minutes","score":null,"cluster":null,"neighbors":null,"mislabeling":0.0,"created_at":"2024-11-17T11:54:47.777216Z","updated_at":"2024-11-17T11:54:47.777224Z","model":null,"model_run":null,"task":26,"project":5},"result_count":0,"unique_id":"b54f5d31-aa8a-49de-a9a1-3b4e6dc842ac","import_id":null,"last_action":null,"task":26,"project":5,"updated_by":1,"parent_prediction":56,"parent_annotation":null,"last_created_by":null}],"file_upload":"6ae68ef7-tasks_38_69.json","drafts":[],"predictions":[56],"data":{"text":"Got practicals files chem project assignments software based project submit tomorrow going to go school tomorrow deal whatever Monday or Tuesday thank you that's much work soon tired watching Netflix stuff"},"meta":{},"created_at":"2024-11-17T11:54:47.768651Z","updated_at":"2024-11-17T12:26:21.905822Z","inner_id":26,"total_annotations":1,"cancelled_annotations":0,"total_predictions":1,"comment_count":0,"unresolved_comment_count":0,"last_comment_updated_at":null,"project":5,"updated_by":1,"comment_authors":[]},{"id":27,"annotations":[{"id":31,"completed_by":1,"result":[{"value":{"start":37,"end":42,"text":"hours","labels":["TIME"]},"id":"14IjP7ciRe","from_name":"label","to_name":"text","type":"labels","origin":"prediction"},{"value":{"start":101,"end":111,"text":"past weeks","labels":["DATE"]},"id":"pLRn1bdfcw","from_name":"label","to_name":"text","type":"labels","origin":"prediction"},{"value":{"start":175,"end":184,"text":"past year","labels":["DATE"]},"id":"MpeRtlfMIQ","from_name":"label","to_name":"text","type":"labels","origin":"prediction"},{"value":{"start":298,"end":303,"text":"today","labels":["DATE"]},"id":"29aB8qwfd4","from_name":"label","to_name":"text","type":"labels","origin":"prediction"},{"value":{"start":391,"end":402,"text":"next months","labels":["DATE"]},"id":"3vtDUgql_6","from_name":"label","to_name":"text","type":"labels","origin":"prediction"},{"value":{"start":422,"end":431,"text":"next week","labels":["DATE"]},"id":"KkRTtrCayu","from_name":"label","to_name":"text","type":"labels","origin":"prediction"},{"value":{"start":5,"end":11,"text":"bother","labels":["PERSON"]},"id":"Zq0x6b0HKZ","from_name":"label","to_name":"text","type":"labels","origin":"manual"},{"value":{"start":43,"end":49,"text":"school","labels":["LOC"]},"id":"6Bb1tSlpMk","from_name":"label","to_name":"text","type":"labels","origin":"manual"},{"value":{"start":50,"end":57,"text":"parents","labels":["PERSON"]},"id":"76M_K3D3fh","from_name":"label","to_name":"text","type":"labels","origin":"manual"},{"value":{"start":248,"end":255,"text":"parents","labels":["PERSON"]},"id":"IkQrGykyVe","from_name":"label","to_name":"text","type":"labels","origin":"manual"},{"value":{"start":383,"end":390,"text":"friends","labels":["PERSON"]},"id":"ZuItGiAnm5","from_name":"label","to_name":"text","type":"labels","origin":"manual"},{"value":{"start":413,"end":421,"text":"birthday","labels":["EVENT"]},"id":"LyCJVk9Dxj","from_name":"label","to_name":"text","type":"labels","origin":"manual"},{"value":{"start":470,"end":473,"text":"now","labels":["TIME"]},"id":"FogZZ2Elvh","from_name":"label","to_name":"text","type":"labels","origin":"manual"}],"was_cancelled":false,"ground_truth":false,"created_at":"2024-11-17T12:27:38.637459Z","updated_at":"2024-11-17T12:27:42.354125Z","draft_created_at":"2024-11-17T12:27:11.156105Z","lead_time":39.948,"prediction":{"id":57,"result":[{"from_name":"label","to_name":"text","type":"labels","value":{"start":37,"end":42,"text":"hours","labels":["TIME"]}},{"from_name":"label","to_name":"text","type":"labels","value":{"start":101,"end":111,"text":"past weeks","labels":["DATE"]}},{"from_name":"label","to_name":"text","type":"labels","value":{"start":175,"end":184,"text":"past year","labels":["DATE"]}},{"from_name":"label","to_name":"text","type":"labels","value":{"start":298,"end":303,"text":"today","labels":["DATE"]}},{"from_name":"label","to_name":"text","type":"labels","value":{"start":391,"end":402,"text":"next months","labels":["DATE"]}},{"from_name":"label","to_name":"text","type":"labels","value":{"start":422,"end":431,"text":"next week","labels":["DATE"]}}],"model_version":"en_core_web_sm","created_ago":"32 minutes","score":null,"cluster":null,"neighbors":null,"mislabeling":0.0,"created_at":"2024-11-17T11:54:47.777271Z","updated_at":"2024-11-17T11:54:47.777280Z","model":null,"model_run":null,"task":27,"project":5},"result_count":0,"unique_id":"5f40df15-d5ae-492c-b12c-bc05d56c5e81","import_id":null,"last_action":null,"task":27,"project":5,"updated_by":1,"parent_prediction":57,"parent_annotation":null,"last_created_by":null}],"file_upload":"6ae68ef7-tasks_38_69.json","drafts":[],"predictions":[57],"data":{"text":"Even bother anymore hi got suspended hours school parents told won't care killed told multiple times past weeks suicidal thought sim saying attention I've almost killed times past year seems like every time I'm it start thinking effect would cause parents even death would burden them however said today I'm sure even bother continue I've got massive list punishment sim allowed see friends next months celebrate birthday next week going improve would really easier end now"},"meta":{},"created_at":"2024-11-17T11:54:47.768707Z","updated_at":"2024-11-17T12:27:42.373262Z","inner_id":27,"total_annotations":1,"cancelled_annotations":0,"total_predictions":1,"comment_count":0,"unresolved_comment_count":0,"last_comment_updated_at":null,"project":5,"updated_by":1,"comment_authors":[]},{"id":28,"annotations":[{"id":32,"completed_by":1,"result":[{"value":{"start":41,"end":46,"text":"first","labels":["ORDINAL"]},"id":"W2iHSjyZmO","from_name":"label","to_name":"text","type":"labels","origin":"prediction"},{"value":{"start":63,"end":72,"text":"September","labels":["DATE"]},"id":"EEf5paSOuE","from_name":"label","to_name":"text","type":"labels","origin":"prediction"},{"value":{"start":1078,"end":1081,"text":"one","labels":["CARDINAL"]},"id":"RY37vbai2c","from_name":"label","to_name":"text","type":"labels","origin":"prediction"},{"value":{"start":1270,"end":1277,"text":"lesbian","labels":["NORP"]},"id":"xordPuw8xu","from_name":"label","to_name":"text","type":"labels","origin":"prediction"},{"value":{"start":1485,"end":1488,"text":"one","labels":["CARDINAL"]},"id":"9uRAte9jsD","from_name":"label","to_name":"text","type":"labels","origin":"prediction"},{"value":{"start":79,"end":87,"text":"hospital","labels":["LOC"]},"id":"SelM26NyRf","from_name":"label","to_name":"text","type":"labels","origin":"manual"},{"value":{"start":88,"end":103,"text":"mental hospital","labels":["LOC"]},"id":"pC3Qn5mXc1","from_name":"label","to_name":"text","type":"labels","origin":"manual"},{"value":{"start":109,"end":113,"text":"home","labels":["LOC"]},"id":"YKPcgmKkz8","from_name":"label","to_name":"text","type":"labels","origin":"manual"},{"value":{"start":143,"end":146,"text":"guy","labels":["PERSON"]},"id":"g_B8hxsPoP","from_name":"label","to_name":"text","type":"labels","origin":"manual"},{"value":{"start":193,"end":200,"text":"friends","labels":["PERSON"]},"id":"A-Rr73ofwm","from_name":"label","to_name":"text","type":"labels","origin":"manual"},{"value":{"start":272,"end":278,"text":"school","labels":["LOC"]},"id":"Sk6GYBmR84","from_name":"label","to_name":"text","type":"labels","origin":"manual"},{"value":{"start":316,"end":319,"text":"dad","labels":["PERSON"]},"id":"S3JhaLvdKd","from_name":"label","to_name":"text","type":"labels","origin":"manual"},{"value":{"start":587,"end":590,"text":"dad","labels":["PERSON"]},"id":"_YXENZ-3kX","from_name":"label","to_name":"text","type":"labels","origin":"manual"},{"value":{"start":607,"end":610,"text":"kid","labels":["PERSON"]},"id":"3qqOSr4viC","from_name":"label","to_name":"text","type":"labels","origin":"manual"},{"value":{"start":660,"end":666,"text":"anyone","labels":["PERSON"]},"id":"CogbZ6uEnt","from_name":"label","to_name":"text","type":"labels","origin":"manual"},{"value":{"start":736,"end":744,"text":"everyone","labels":["PERSON"]},"id":"g67wV2eF4D","from_name":"label","to_name":"text","type":"labels","origin":"manual"},{"value":{"start":755,"end":758,"text":"dad","labels":["PERSON"]},"id":"4a6JP2inHe","from_name":"label","to_name":"text","type":"labels","origin":"manual"},{"value":{"start":862,"end":869,"text":"someone","labels":["PERSON"]},"id":"nu5qPbAUrS","from_name":"label","to_name":"text","type":"labels","origin":"manual"},{"value":{"start":957,"end":960,"text":"mom","labels":["PERSON"]},"id":"USTPECuhR6","from_name":"label","to_name":"text","type":"labels","origin":"manual"},{"value":{"start":1285,"end":1289,"text":"girl","labels":["PERSON"]},"id":"kPnS_9-0zz","from_name":"label","to_name":"text","type":"labels","origin":"manual"},{"value":{"start":1306,"end":1317,"text":"transgender","labels":["NORP"]},"id":"i_HtvQyD34","from_name":"label","to_name":"text","type":"labels","origin":"manual"},{"value":{"start":1649,"end":1656,"text":"friends","labels":["PERSON"]},"id":"B4XD33Owu6","from_name":"label","to_name":"text","type":"labels","origin":"manual"},{"value":{"start":1720,"end":1726,"text":"school","labels":["LOC"]},"id":"TxEd5quANT","from_name":"label","to_name":"text","type":"labels","origin":"manual"}],"was_cancelled":false,"ground_truth":false,"created_at":"2024-11-17T12:29:48.741733Z","updated_at":"2024-11-17T12:29:48.741752Z","draft_created_at":"2024-11-17T12:27:56.894604Z","lead_time":122.111,"prediction":{"id":58,"result":[{"from_name":"label","to_name":"text","type":"labels","value":{"start":41,"end":46,"text":"first","labels":["ORDINAL"]}},{"from_name":"label","to_name":"text","type":"labels","value":{"start":63,"end":72,"text":"September","labels":["DATE"]}},{"from_name":"label","to_name":"text","type":"labels","value":{"start":1078,"end":1081,"text":"one","labels":["CARDINAL"]}},{"from_name":"label","to_name":"text","type":"labels","value":{"start":1270,"end":1277,"text":"lesbian","labels":["NORP"]}},{"from_name":"label","to_name":"text","type":"labels","value":{"start":1485,"end":1488,"text":"one","labels":["CARDINAL"]}}],"model_version":"en_core_web_sm","created_ago":"35 minutes","score":null,"cluster":null,"neighbors":null,"mislabeling":0.0,"created_at":"2024-11-17T11:54:47.777321Z","updated_at":"2024-11-17T11:54:47.777328Z","model":null,"model_run":null,"task":28,"project":5},"result_count":0,"unique_id":"ff426e82-7d16-4462-b807-01936f3e0cd0","import_id":null,"last_action":null,"task":28,"project":5,"updated_by":1,"parent_prediction":58,"parent_annotation":null,"last_created_by":null}],"file_upload":"6ae68ef7-tasks_38_69.json","drafts":[],"predictions":[58],"data":{"text":"Feel like attempting again the last time first time ever tried September ended hospital mental hospital back home it wanted life change wanted guy wanted confident wanted ability actually make friends get that felt like going but nope I'm still pathetic loser goes stupid school fucking hate that I'm butt listening dad complain financial emotional stress he's under fucking ask that makes feel horrible he's saying shit like I think realize much trouble caused do know much bills cost that's master’s degree makes feel like I'm unwanted am stupid kid fucked everything up feel suicidal dad deserve asshole kid like me sad part is he's fucking right says care anyone myself point view feelings matter feel okay what's point living fuck everyone else care dad cant find job someone even know pain fuck them get bent obviously I'm exaggerating pretty selfish want someone I'm upset nonjudgmental say everything's okay let cry like fucking baby basically want mom again maybe shed emotional wreck to shed disappointed me least would compassionate she knows pussy guy even act like one ill get pushed around men actually dude fuck want that there's girl school intimidates me really let get me anyway I'm loser like alpha female that's even thing mocks say something stupid lesbian man am girl fuck say oh I'm transgender school would make much better candidate would fuck that hell pissed off cant cooperate people try to make lives easier make everything harder feel like people need me one ever understand I've done many dumb things want deal everything I've caused want find shotgun flip everyone again deal shit any more feel like waiting live own friends actually self worth want to see change life now want to go new school want practice assertiveness want want yeah me I'm asshole anything unless feel like crap know would time obviously would much effective way took pussy way even physically hurt me maybe all know fuck need help"},"meta":{},"created_at":"2024-11-17T11:54:47.768774Z","updated_at":"2024-11-17T12:29:48.760446Z","inner_id":28,"total_annotations":1,"cancelled_annotations":0,"total_predictions":1,"comment_count":0,"unresolved_comment_count":0,"last_comment_updated_at":null,"project":5,"updated_by":1,"comment_authors":[]},{"id":29,"annotations":[{"id":33,"completed_by":1,"result":[{"value":{"start":19,"end":25,"text":"victim","labels":["PERSON"]},"id":"ZhLOYM82x7","from_name":"label","to_name":"text","type":"labels","origin":"manual"},{"value":{"start":32,"end":38,"text":"victim","labels":["PERSON"]},"id":"mL0iXuvnGH","from_name":"label","to_name":"text","type":"labels","origin":"manual"}],"was_cancelled":false,"ground_truth":false,"created_at":"2024-11-17T12:29:59.214698Z","updated_at":"2024-11-17T12:29:59.214718Z","draft_created_at":null,"lead_time":8.155,"prediction":{"id":59,"result":[],"model_version":"en_core_web_sm","created_ago":"35 minutes","score":null,"cluster":null,"neighbors":null,"mislabeling":0.0,"created_at":"2024-11-17T11:54:47.777350Z","updated_at":"2024-11-17T11:54:47.777358Z","model":null,"model_run":null,"task":29,"project":5},"result_count":0,"unique_id":"a626ffee-3853-4468-8f1a-aeff31a3363c","import_id":null,"last_action":null,"task":29,"project":5,"updated_by":1,"parent_prediction":59,"parent_annotation":null,"last_created_by":null}],"file_upload":"6ae68ef7-tasks_38_69.json","drafts":[],"predictions":[59],"data":{"text":"don't deserve help victim can't victim you're simultaneously assailant"},"meta":{},"created_at":"2024-11-17T11:54:47.768825Z","updated_at":"2024-11-17T12:29:59.231959Z","inner_id":29,"total_annotations":1,"cancelled_annotations":0,"total_predictions":1,"comment_count":0,"unresolved_comment_count":0,"last_comment_updated_at":null,"project":5,"updated_by":1,"comment_authors":[]},{"id":30,"annotations":[{"id":35,"completed_by":1,"result":[{"value":{"start":20,"end":23,"text":"one","labels":["CARDINAL"]},"id":"TLOMCSpvkn","from_name":"label","to_name":"text","type":"labels","origin":"prediction"}],"was_cancelled":false,"ground_truth":false,"created_at":"2024-11-17T12:30:55.408294Z","updated_at":"2024-11-17T12:30:55.408318Z","draft_created_at":null,"lead_time":1.291,"prediction":{"id":60,"result":[{"from_name":"label","to_name":"text","type":"labels","value":{"start":20,"end":23,"text":"one","labels":["CARDINAL"]}}],"model_version":"en_core_web_sm","created_ago":"36 minutes","score":null,"cluster":null,"neighbors":null,"mislabeling":0.0,"created_at":"2024-11-17T11:54:47.777383Z","updated_at":"2024-11-17T11:54:47.777390Z","model":null,"model_run":null,"task":30,"project":5},"result_count":0,"unique_id":"4a2b50b9-fb4e-44a4-b817-6b7774154cd5","import_id":null,"last_action":null,"task":30,"project":5,"updated_by":1,"parent_prediction":60,"parent_annotation":null,"last_created_by":null}],"file_upload":"6ae68ef7-tasks_38_69.json","drafts":[],"predictions":[60],"data":{"text":"Eat whole ass grape one bats eye eat whole ass lemon society goes wild"},"meta":{},"created_at":"2024-11-17T11:54:47.768876Z","updated_at":"2024-11-17T12:30:55.427100Z","inner_id":30,"total_annotations":1,"cancelled_annotations":0,"total_predictions":1,"comment_count":0,"unresolved_comment_count":0,"last_comment_updated_at":null,"project":5,"updated_by":1,"comment_authors":[]},{"id":31,"annotations":[{"id":34,"completed_by":1,"result":[{"value":{"start":0,"end":3,"text":"Lot","labels":["QUANTITY"]},"id":"LApFh-WZdq","from_name":"label","to_name":"text","type":"labels","origin":"manual"}],"was_cancelled":false,"ground_truth":false,"created_at":"2024-11-17T12:30:21.469514Z","updated_at":"2024-11-17T12:30:21.469532Z","draft_created_at":null,"lead_time":9.047,"prediction":{"id":61,"result":[],"model_version":"en_core_web_sm","created_ago":"35 minutes","score":null,"cluster":null,"neighbors":null,"mislabeling":0.0,"created_at":"2024-11-17T11:54:47.777411Z","updated_at":"2024-11-17T11:54:47.777418Z","model":null,"model_run":null,"task":31,"project":5},"result_count":0,"unique_id":"cd79030d-8a8b-4d8b-8431-5e9e601f23c5","import_id":null,"last_action":null,"task":31,"project":5,"updated_by":1,"parent_prediction":61,"parent_annotation":null,"last_created_by":null}],"file_upload":"6ae68ef7-tasks_38_69.json","drafts":[],"predictions":[61],"data":{"text":"Lot delayed this I'm donas sorry thank kind words can't keep anymore cant"},"meta":{},"created_at":"2024-11-17T11:54:47.768929Z","updated_at":"2024-11-17T12:30:21.487714Z","inner_id":31,"total_annotations":1,"cancelled_annotations":0,"total_predictions":1,"comment_count":0,"unresolved_comment_count":0,"last_comment_updated_at":null,"project":5,"updated_by":1,"comment_authors":[]}]