[{"id":27978,"annotations":[{"id":18,"completed_by":1,"result":[{"value":{"start":5,"end":13,"text":"american","labels":["NORP"]},"id":"MRhEBBVVUT","from_name":"label","to_name":"text","type":"labels","origin":"manual"},{"value":{"start":29,"end":34,"text":"dutch","labels":["NORP"]},"id":"P67WbTnS44","from_name":"label","to_name":"text","type":"labels","origin":"manual"}],"was_cancelled":false,"ground_truth":false,"created_at":"2024-10-27T22:29:57.117299Z","updated_at":"2024-10-28T10:31:27.689287Z","draft_created_at":"2024-10-27T22:29:48.875314Z","lead_time":272.17400000000004,"prediction":{},"result_count":0,"unique_id":"8aa08f28-9332-4ddc-9714-dee3ee1aa56e","import_id":null,"last_action":null,"task":27978,"project":3,"updated_by":1,"parent_prediction":null,"parent_annotation":null,"last_created_by":null}],"file_upload":"eca0c71a-corrected_data.csv","drafts":[],"predictions":[],"data":{"text":"dear american teens question dutch person heard guys get way easier things learn age us sooooo thth graders like  right guys learn math","label":0,"correct_text":"Dear American teens question Dutch person heard guys get way easier things learn age us suitor Thoth graders like right guys learn math"},"meta":{},"created_at":"2024-10-27T22:14:49.040283Z","updated_at":"2024-10-28T10:31:27.906719Z","inner_id":1,"total_annotations":1,"cancelled_annotations":0,"total_predictions":0,"comment_count":0,"unresolved_comment_count":0,"last_comment_updated_at":null,"project":3,"updated_by":1,"comment_authors":[]},{"id":27979,"annotations":[{"id":19,"completed_by":1,"result":[{"value":{"start":86,"end":94,"text":"next day","labels":["DATE"]},"id":"uQJMjr2AF-","from_name":"label","to_name":"text","type":"labels","origin":"manual"}],"was_cancelled":false,"ground_truth":false,"created_at":"2024-10-27T22:31:40.649483Z","updated_at":"2024-10-27T22:31:40.649483Z","draft_created_at":"2024-10-27T22:30:59.497570Z","lead_time":67.822,"prediction":{},"result_count":0,"unique_id":"64b1fb31-afe6-4f34-8073-2cd0b3aa511d","import_id":null,"last_action":null,"task":27979,"project":3,"updated_by":1,"parent_prediction":null,"parent_annotation":null,"last_created_by":null}],"file_upload":"eca0c71a-corrected_data.csv","drafts":[],"predictions":[],"data":{"text":"nothing look forward lifei dont many reasons keep going feel like nothing keeps going next day makes want hang myself","label":1,"correct_text":"Nothing look forward life don't many reasons keep going feel like nothing keeps going next day makes want hang myself"},"meta":{},"created_at":"2024-10-27T22:14:49.040283Z","updated_at":"2024-10-27T22:31:40.752080Z","inner_id":2,"total_annotations":1,"cancelled_annotations":0,"total_predictions":0,"comment_count":0,"unresolved_comment_count":0,"last_comment_updated_at":null,"project":3,"updated_by":1,"comment_authors":[]},{"id":27980,"annotations":[{"id":20,"completed_by":1,"result":[{"value":{"start":70,"end":79,"text":"minnesota","labels":["GPE"]},"id":"hfmup6K39h","from_name":"label","to_name":"text","type":"labels","origin":"manual"},{"value":{"start":139,"end":147,"text":"cavetown","labels":["PERSON"]},"id":"E4bcTdaCXx","from_name":"label","to_name":"text","type":"labels","origin":"manual"},{"value":{"start":148,"end":157,"text":"aliceband","labels":["PERSON"]},"id":"L1KOmAGmyt","from_name":"label","to_name":"text","type":"labels","origin":"manual"},{"value":{"start":158,"end":168,"text":"bug hunter","labels":["PERSON"]},"id":"INGvx19xZp","from_name":"label","to_name":"text","type":"labels","origin":"manual"},{"value":{"start":169,"end":183,"text":"penelope scott","labels":["PERSON"]},"id":"MSV52U_gMz","from_name":"label","to_name":"text","type":"labels","origin":"manual"}],"was_cancelled":false,"ground_truth":false,"created_at":"2024-10-27T22:35:49.346926Z","updated_at":"2024-11-04T15:31:49.605048Z","draft_created_at":"2024-10-27T22:32:09.591883Z","lead_time":364.013,"prediction":{},"result_count":0,"unique_id":"573e7dda-37c4-40f8-a121-35077a2ebdf2","import_id":null,"last_action":null,"task":27980,"project":3,"updated_by":1,"parent_prediction":null,"parent_annotation":null,"last_created_by":null}],"file_upload":"eca0c71a-corrected_data.csv","drafts":[],"predictions":[],"data":{"text":"music recommendations im looking expand playlist usual genres alt pop minnesota hip hop steampunk various indie genres artists people like cavetown aliceband bug hunter penelope scott various rhymesayers willing explore new genresartists such anything generic rap the type exclusively sex drugs cool rapper is rap types pretty good pop popular couple years ago dunno technical genre name anyways anyone got music recommendations favorite artistssongs","label":0,"correct_text":"Music recommendations I'm looking expand playlist usual genres alt pop Minnesota hip hop steampunk various indie genres artists people like Capetown Iceland bug hunter Penelope Scott various rhymesters willing explore new genres artists such anything generic rap the type exclusively sex drugs cool rapper is rap types pretty good pop popular couple years ago dunno technical genre name anyway anyone got music recommendations favorite artists songs"},"meta":{},"created_at":"2024-10-27T22:14:49.040283Z","updated_at":"2024-11-04T15:31:49.664069Z","inner_id":3,"total_annotations":1,"cancelled_annotations":0,"total_predictions":0,"comment_count":0,"unresolved_comment_count":0,"last_comment_updated_at":null,"project":3,"updated_by":1,"comment_authors":[]},{"id":27981,"annotations":[{"id":21,"completed_by":1,"result":[],"was_cancelled":false,"ground_truth":false,"created_at":"2024-10-27T22:38:21.597637Z","updated_at":"2024-11-04T15:31:52.471020Z","draft_created_at":"2024-10-27T22:36:13.091027Z","lead_time":347.35200000000003,"prediction":{},"result_count":0,"unique_id":"2f55ef1d-b2e8-4125-950f-5a7c3fc2b76b","import_id":null,"last_action":null,"task":27981,"project":3,"updated_by":1,"parent_prediction":null,"parent_annotation":null,"last_created_by":null}],"file_upload":"eca0c71a-corrected_data.csv","drafts":[],"predictions":[],"data":{"text":"im done trying feel betterthe reason im still alive know mum devastated ever killed myself ever passes im still state im going hesitate ending life shortly after im almost  take meds go therapy nothing seems help enough dont want around anymore hate feeling like this wouldnt wish upon enemy brain feels like constantly like static tv wont shut overthinking do think im running options dont see living past  got accepted health science degree dont even know wanna try know im smart mental illness holds back think cant anything im good enough need fucking help dont know anymore ive run options","label":1,"correct_text":"Im done trying feel better the reason I'm still alive know mum devastated ever killed myself ever passes I'm still state I'm going hesitate ending life shortly after I'm almost take meds go therapy nothing seems help enough don't want around anymore hate feeling like this wouldn't wish upon enemy brain feels like constantly like static TV won't shut overthinking do think I'm running options don't see living past got accepted health science degree don't even know want to try know I'm smart mental illness holds back think can't anything I'm good enough need fucking help don't know any more I've run options"},"meta":{},"created_at":"2024-10-27T22:14:49.040283Z","updated_at":"2024-11-04T15:31:52.534566Z","inner_id":4,"total_annotations":1,"cancelled_annotations":0,"total_predictions":0,"comment_count":0,"unresolved_comment_count":0,"last_comment_updated_at":null,"project":3,"updated_by":1,"comment_authors":[]},{"id":27982,"annotations":[{"id":52,"completed_by":1,"result":[{"value":{"start":152,"end":154,"text":"uk","labels":["GPE"]},"id":"7Uyxpk5bz5","from_name":"label","to_name":"text","type":"labels","origin":"manual"},{"value":{"start":997,"end":1002,"text":"night","labels":["DATE"]},"id":"oGl2SR8PSp","from_name":"label","to_name":"text","type":"labels","origin":"manual"},{"value":{"start":9,"end":17,"text":"year old","labels":["DATE"]},"id":"xT2DipuIkY","from_name":"label","to_name":"text","type":"labels","origin":"manual"},{"value":{"start":938,"end":941,"text":"two","labels":["CARDINAL"]},"id":"Y3aHRWHCD9","from_name":"label","to_name":"text","type":"labels","origin":"manual"},{"value":{"start":1636,"end":1640,"text":"five","labels":["CARDINAL"]},"id":"Vd2LwD_U9N","from_name":"label","to_name":"text","type":"labels","origin":"manual"},{"value":{"start":140,"end":145,"text":"years","labels":["DATE"]},"id":"xjJkA4qYMc","from_name":"label","to_name":"text","type":"labels","origin":"manual"},{"value":{"start":206,"end":211,"text":"first","labels":["ORDINAL"]},"id":"dSwSG36sUy","from_name":"label","to_name":"text","type":"labels","origin":"manual"},{"value":{"start":477,"end":493,"text":"around month ago","labels":["DATE"]},"id":"G9EDABuq9B","from_name":"label","to_name":"text","type":"labels","origin":"manual"},{"value":{"start":1173,"end":1179,"text":"summer","labels":["DATE"]},"id":"e4mkOJTLXF","from_name":"label","to_name":"text","type":"labels","origin":"manual"}],"was_cancelled":false,"ground_truth":false,"created_at":"2024-10-28T10:37:23.152296Z","updated_at":"2024-11-04T15:35:24.200482Z","draft_created_at":"2024-10-28T10:34:58.971737Z","lead_time":553.677,"prediction":{},"result_count":0,"unique_id":"d6055aab-05f5-4aae-b360-2f66ef640c06","import_id":null,"last_action":null,"task":27982,"project":3,"updated_by":1,"parent_prediction":null,"parent_annotation":null,"last_created_by":null}],"file_upload":"eca0c71a-corrected_data.csv","drafts":[],"predictions":[],"data":{"text":"worried  year old girl subject domestic physicalmental housewithout going lot know girl know girl etc let give brief background known girl  years lives uk live different country kept touch electronic means first girl schizophrenic host illnesses too dad severe anger issues abuses physically mentally makes serve food wash dishes clean house shouts beats petty things like spilling water picking toys floor threatened knife beats plates glasses punches head last time got beat around month ago one siblings gets beat up tried tell mother beating showed bruises too mother refuses believe even laughed off probably fear confronting him husband yells wife too family treat well either sister mean tell father put trouble family tends isolate her even remember birthday all family cold her often tend alienate since act normal girl often feels suicidal due this inflicted selfharm cut wrist starves believes way family accept her make worse two incidents life must tell about raped walking back home night initially tell parents sometime later police reports filed rape suffered false pregnancy girl symptoms disorder like lactating breasts happened early  depressed incident summer  approximately family sent couple family friends wellknown treatments advertised herbal therapy accupuncture etc however happened next terrible left alone husband wife went somewhere else guy tortured her instance made sit container filled water upto neck closed lid imagine kind stress panic would cause schizophrenic patient miscellaneous details gt gets visit psychiatrist school able hide problems psychiatrist noted girl able put front really well gt five psychiatrists past gt enjoys drawingpainting learning new languages writing poems gt depressed tends victimized mentality blames problems want report abuse due trouble family face tells stopped cutting lately problem refuses tell anyone abuse even tries defend father saying fault help her although seem extremely suicidal concern physically mental abuse girl subject everyday healthy environment anyone grow in really wish rescued clutches belligerent controlling father dysfunctional family","label":1,"correct_text":"Worried year old girl subject domestic physical mental house without going lot know girl etc. let give brief background known girl years lives UK live different country kept touch electronic means first girl schizophrenic host illnesses too dad severe anger issues abuses physically mentally makes serve food wash dishes clean house shouts beats petty things like spilling water picking toys floor threatened knife beats plates glasses punches head last time got beat around month ago one sibling's gets beat up tried to tell mother beating showed bruises too mother refuses to believe even laughed off probably fear confronting him husband yells wife too family treat well either sister mean tell father put trouble family tends isolate her even remember birthday all family cold her often tend alienate since act normal girl often feels suicidal due this inflicted self harm cut wrist starves believes way family accept her make worse two incidents life must tell about raped walking back home night initially tell parents sometime later police reports filed rape suffered false pregnancy girl symptoms disorder like lactating breasts happened early depressed incident summer approximately family sent couple family friends well-known treatments advertised herbal therapy acupuncture etc. however happened next terrible left alone husband wife went somewhere else guy tortured her instance made sit container filled water up to neck closed lid imagine kind stress panic would cause schizophrenic patient miscellaneous details gt gets visit psychiatrist school able hide problems psychiatrist noted girl able put front really well gt five psychiatrists past gt enjoys drawing painting learning new languages writing poems gt depressed tends victimized mentality blames problems want report abuse due trouble family face tells stopped cutting lately problem refuses to tell anyone abuse even tries to defend father saying fault help her although seem extremely suicidal concern physically mental abuse girl subject everyday healthy environment anyone grow in really wish rescued clutches belligerent controlling father dysfunctional family"},"meta":{},"created_at":"2024-10-27T22:14:49.040283Z","updated_at":"2024-11-04T15:35:24.269062Z","inner_id":5,"total_annotations":1,"cancelled_annotations":0,"total_predictions":0,"comment_count":0,"unresolved_comment_count":0,"last_comment_updated_at":null,"project":3,"updated_by":1,"comment_authors":[]},{"id":27983,"annotations":[{"id":22,"completed_by":1,"result":[{"value":{"start":74,"end":94,"text":"sandia national labs","labels":["TIME"]},"id":"fcSmUWehXt","from_name":"label","to_name":"text","type":"labels","origin":"manual"},{"value":{"start":390,"end":393,"text":"one","labels":["CARDINAL"]},"id":"W7Hr-jtWFa","from_name":"label","to_name":"text","type":"labels","origin":"manual"},{"value":{"start":394,"end":399,"text":"three","labels":["CARDINAL"]},"id":"6C04UMEHbI","from_name":"label","to_name":"text","type":"labels","origin":"manual"},{"value":{"start":401,"end":407,"text":"amazon","labels":["ORG"]},"id":"K_SczWmCvq","from_name":"label","to_name":"text","type":"labels","origin":"manual"},{"value":{"start":408,"end":411,"text":"gcs","labels":["PRODUCT"]},"id":"0vQJ9wQtwg","from_name":"label","to_name":"text","type":"labels","origin":"manual"}],"was_cancelled":false,"ground_truth":false,"created_at":"2024-10-27T22:41:21.197171Z","updated_at":"2024-11-04T15:36:03.513265Z","draft_created_at":"2024-10-27T22:39:10.890708Z","lead_time":210.196,"prediction":{},"result_count":0,"unique_id":"b5b8d4f7-074a-42b2-97af-7b5084966194","import_id":null,"last_action":null,"task":27983,"project":3,"updated_by":1,"parent_prediction":null,"parent_annotation":null,"last_created_by":null}],"file_upload":"eca0c71a-corrected_data.csv","drafts":[],"predictions":[],"data":{"text":"hey rredflag sure right place post this goes  im currently student intern sandia national labs working survey help improve marketing outreach efforts many schools recruit around country were looking current undergradgrad stem students stem student know stem students would greatly appreciate help take pass along short survey thank you everyone helps take survey entered drawing chance win one three  amazon gcs","label":1,"correct_text":"Hey rredflag sure right place post this goes I'm currently student intern Sandra national labs working survey help improve marketing outreach efforts many schools recruit around country were looking current undergrad grad stem students stem student know stem students would greatly appreciate help take pass along short survey thank you everyone helps take survey entered drawing chance win one three Amazon GCS"},"meta":{},"created_at":"2024-10-27T22:14:49.040283Z","updated_at":"2024-11-04T15:36:03.594912Z","inner_id":6,"total_annotations":1,"cancelled_annotations":0,"total_predictions":0,"comment_count":0,"unresolved_comment_count":0,"last_comment_updated_at":null,"project":3,"updated_by":1,"comment_authors":[]},{"id":27984,"annotations":[{"id":23,"completed_by":1,"result":[{"value":{"start":29,"end":36,"text":"tonight","labels":["TIME"]},"id":"TXIkecM5Gr","from_name":"label","to_name":"text","type":"labels","origin":"manual"},{"value":{"start":246,"end":249,"text":"one","labels":["CARDINAL"]},"id":"sNkr7YQIAa","from_name":"label","to_name":"text","type":"labels","origin":"manual"},{"value":{"start":426,"end":431,"text":"night","labels":["TIME"]},"id":"mlqIM6PiY-","from_name":"label","to_name":"text","type":"labels","origin":"manual"},{"value":{"start":399,"end":406,"text":"tonight","labels":["TIME"]},"id":"gzDyUhu4HZ","from_name":"label","to_name":"text","type":"labels","origin":"manual"},{"value":{"start":443,"end":449,"text":"austin","labels":["PERSON"]},"id":"VhGIg5EE4s","from_name":"label","to_name":"text","type":"labels","origin":"manual"}],"was_cancelled":false,"ground_truth":false,"created_at":"2024-10-27T22:42:44.052891Z","updated_at":"2024-11-04T15:37:13.353957Z","draft_created_at":"2024-10-27T22:41:44.142865Z","lead_time":148.982,"prediction":{},"result_count":0,"unique_id":"5e5978b9-371b-498a-b53e-b3811376fa64","import_id":null,"last_action":null,"task":27984,"project":3,"updated_by":1,"parent_prediction":null,"parent_annotation":null,"last_created_by":null}],"file_upload":"eca0c71a-corrected_data.csv","drafts":[],"predictions":[],"data":{"text":"feel like someone needs hear tonight feeling right think cant anything people keep puting listen this its your life everyone else living it someone tells unable something work get done say wrong someone says youl never make it work hard make end one make it could make putting people like that see life nobody tell cant do one tell live where love look end let climb height hope someone needed hear tonight beutiful life good night sincerely  austin zippy","label":0,"correct_text":"Feel like someone needs hear tonight feeling right think can't anything people keep putting listen this it's your life everyone else living it someone tells unable something work get done say wrong someone says you never make it work hard make end one make it could make putting people like that see life nobody tell cant do one tell live where love look end let climb height hope someone needed to hear tonight beautiful life good night sincerely Austin zippy"},"meta":{},"created_at":"2024-10-27T22:14:49.040283Z","updated_at":"2024-11-04T15:37:13.409617Z","inner_id":7,"total_annotations":1,"cancelled_annotations":0,"total_predictions":0,"comment_count":0,"unresolved_comment_count":0,"last_comment_updated_at":null,"project":3,"updated_by":1,"comment_authors":[]},{"id":27985,"annotations":[{"id":24,"completed_by":1,"result":[{"value":{"start":269,"end":274,"text":"first","labels":["ORDINAL"]},"id":"ZYtITtPaA2","from_name":"label","to_name":"text","type":"labels","origin":"manual"}],"was_cancelled":false,"ground_truth":false,"created_at":"2024-10-27T22:44:15.479661Z","updated_at":"2024-11-04T15:37:56.904782Z","draft_created_at":null,"lead_time":127.15100000000001,"prediction":{},"result_count":0,"unique_id":"e6374f77-88ba-42d0-a6ef-d34ab44da27b","import_id":null,"last_action":null,"task":27985,"project":3,"updated_by":1,"parent_prediction":null,"parent_annotation":null,"last_created_by":null}],"file_upload":"eca0c71a-corrected_data.csv","drafts":[],"predictions":[],"data":{"text":"deserve liveif died right noone would carei real friendsi always start conversations get dry responses i feel comfortable around females emotional abuse mom put left usi never find love i keep getting reminded everyday failure disappointment parents compared siblingsi first suicidal thought  afraid grades good enough parents this probably end soon","label":1,"correct_text":"Deserve live if died right none would Cara real friends always start conversations get dry responses I feel comfortable around females emotional abuse mom put left USI never find love I keep getting reminded everyday failure disappointment parents compared siblings first suicidal thought afraid of grades good enough parents this probably end soon"},"meta":{},"created_at":"2024-10-27T22:14:49.041282Z","updated_at":"2024-11-04T15:37:56.975841Z","inner_id":8,"total_annotations":1,"cancelled_annotations":0,"total_predictions":0,"comment_count":0,"unresolved_comment_count":0,"last_comment_updated_at":null,"project":3,"updated_by":1,"comment_authors":[]},{"id":27986,"annotations":[{"id":25,"completed_by":1,"result":[{"value":{"start":34,"end":40,"text":"friday","labels":["DATE"]},"id":"kPRyobqMKR","from_name":"label","to_name":"text","type":"labels","origin":"manual"}],"was_cancelled":false,"ground_truth":false,"created_at":"2024-10-27T22:44:30.203089Z","updated_at":"2024-11-04T15:38:49.251755Z","draft_created_at":null,"lead_time":76.967,"prediction":{},"result_count":0,"unique_id":"25458294-3321-4682-93d7-d385b12b4c50","import_id":null,"last_action":null,"task":27986,"project":3,"updated_by":1,"parent_prediction":null,"parent_annotation":null,"last_created_by":null}],"file_upload":"eca0c71a-corrected_data.csv","drafts":[],"predictions":[],"data":{"text":"feels good ive set dateim killing friday nice finally know im gonna it bye ","label":1,"correct_text":"Feels goo dive set data killing Friday nice finally know I'm gonna it bye "},"meta":{},"created_at":"2024-10-27T22:14:49.041282Z","updated_at":"2024-11-04T15:38:49.317669Z","inner_id":9,"total_annotations":1,"cancelled_annotations":0,"total_predictions":0,"comment_count":0,"unresolved_comment_count":0,"last_comment_updated_at":null,"project":3,"updated_by":1,"comment_authors":[]},{"id":27987,"annotations":[{"id":26,"completed_by":1,"result":[],"was_cancelled":false,"ground_truth":false,"created_at":"2024-10-27T22:46:48.163934Z","updated_at":"2024-11-04T15:39:10.518956Z","draft_created_at":"2024-10-27T22:45:33.253642Z","lead_time":129.023,"prediction":{},"result_count":0,"unique_id":"22524928-086e-41aa-8268-fff9af4d1dce","import_id":null,"last_action":null,"task":27987,"project":3,"updated_by":1,"parent_prediction":null,"parent_annotation":null,"last_created_by":null}],"file_upload":"eca0c71a-corrected_data.csv","drafts":[],"predictions":[],"data":{"text":"live guiltok made stupid random choice  its getting me basically molested relative super erratic thing haunting right now random walk home randomly assaulted classmate screamed name loud pretty much annoying asshole everything could torment later excluded i excluded well none mattered later went bunch horrible things people already loner death wish gets everyday living guilt possibly created mass shooter hear hes basically end life ready die","label":1,"correct_text":"Live guilt ok made stupid random choice its getting me basically molested relative super erratic thing haunting right now random walk home randomly assaulted classmate screamed name loud pretty much annoying asshole everything could torment later excluded I excluded well none mattered later went bunch horrible things people already loner death wish gets everyday living guilt possibly created mass shooter hear he's basically end life ready die"},"meta":{},"created_at":"2024-10-27T22:14:49.041282Z","updated_at":"2024-11-04T15:39:10.585205Z","inner_id":10,"total_annotations":1,"cancelled_annotations":0,"total_predictions":0,"comment_count":0,"unresolved_comment_count":0,"last_comment_updated_at":null,"project":3,"updated_by":1,"comment_authors":[]},{"id":27988,"annotations":[{"id":27,"completed_by":1,"result":[],"was_cancelled":false,"ground_truth":false,"created_at":"2024-10-27T22:47:08.750454Z","updated_at":"2024-11-04T15:40:07.125124Z","draft_created_at":null,"lead_time":46.158,"prediction":{},"result_count":0,"unique_id":"a89bb49a-4122-4cab-8384-4a05fd519211","import_id":null,"last_action":null,"task":27988,"project":3,"updated_by":1,"parent_prediction":null,"parent_annotation":null,"last_created_by":null}],"file_upload":"eca0c71a-corrected_data.csv","drafts":[{"id":41,"user":"zaharia.tudorita@yahoo.com","created_username":"zaharia.tudorita@yahoo.com, 1","created_ago":"21 minutes","result":[],"lead_time":117.056,"was_postponed":false,"import_id":null,"created_at":"2024-11-04T15:40:02.426353Z","updated_at":"2024-11-04T15:40:02.426353Z","task":27988,"annotation":29}],"predictions":[],"data":{"text":"excercise motivated ngl cant wait get shape know gonna overnight im happy right now","label":0,"correct_text":"Excercise motivated NFL cant wait get shape know going to overnight I'm happy right now"},"meta":{},"created_at":"2024-10-27T22:14:49.041282Z","updated_at":"2024-11-04T15:40:07.176173Z","inner_id":11,"total_annotations":1,"cancelled_annotations":0,"total_predictions":0,"comment_count":0,"unresolved_comment_count":0,"last_comment_updated_at":null,"project":3,"updated_by":1,"comment_authors":[]},{"id":27989,"annotations":[{"id":28,"completed_by":1,"result":[],"was_cancelled":false,"ground_truth":false,"created_at":"2024-10-27T22:47:45.558637Z","updated_at":"2024-10-27T22:47:45.558637Z","draft_created_at":null,"lead_time":13.354,"prediction":{},"result_count":0,"unique_id":"bc94a93a-8d22-4b05-9d49-715b121686e2","import_id":null,"last_action":null,"task":27989,"project":3,"updated_by":1,"parent_prediction":null,"parent_annotation":null,"last_created_by":null}],"file_upload":"eca0c71a-corrected_data.csv","drafts":[],"predictions":[],"data":{"text":"know youd rather laid big booty body hella positive cuz got big booty","label":0,"correct_text":"Know you'd rather laid big booty body hello positive because got big booty"},"meta":{},"created_at":"2024-10-27T22:14:49.041282Z","updated_at":"2024-10-27T22:47:45.623626Z","inner_id":12,"total_annotations":1,"cancelled_annotations":0,"total_predictions":0,"comment_count":0,"unresolved_comment_count":0,"last_comment_updated_at":null,"project":3,"updated_by":1,"comment_authors":[]},{"id":27990,"annotations":[{"id":29,"completed_by":1,"result":[],"was_cancelled":false,"ground_truth":false,"created_at":"2024-10-27T22:49:24.499914Z","updated_at":"2024-11-04T15:40:12.150351Z","draft_created_at":null,"lead_time":109.354,"prediction":{},"result_count":0,"unique_id":"131c8a40-cb6d-443a-a0b9-8ce9a0020f46","import_id":null,"last_action":null,"task":27990,"project":3,"updated_by":1,"parent_prediction":null,"parent_annotation":null,"last_created_by":null}],"file_upload":"eca0c71a-corrected_data.csv","drafts":[],"predictions":[],"data":{"text":"even time fuck  supposed mean","label":0,"correct_text":"Even time fuck supposed mean"},"meta":{},"created_at":"2024-10-27T22:14:49.041282Z","updated_at":"2024-11-04T15:40:12.201690Z","inner_id":13,"total_annotations":1,"cancelled_annotations":0,"total_predictions":0,"comment_count":0,"unresolved_comment_count":0,"last_comment_updated_at":null,"project":3,"updated_by":1,"comment_authors":[]},{"id":27991,"annotations":[{"id":30,"completed_by":1,"result":[{"value":{"start":6,"end":15,"text":"hollywood","labels":["GPE"]},"id":"8we54ytgnd","from_name":"label","to_name":"text","type":"labels","origin":"manual"},{"value":{"start":88,"end":95,"text":"russian","labels":["NORP"]},"id":"Nozz9JwY8A","from_name":"label","to_name":"text","type":"labels","origin":"manual"},{"value":{"start":164,"end":171,"text":"russian","labels":["LANGUAGE"]},"id":"InXBAO69Kb","from_name":"label","to_name":"text","type":"labels","origin":"manual"},{"value":{"start":181,"end":187,"text":"nicole","labels":["PERSON"]},"id":"A7zF0HfM48","from_name":"label","to_name":"text","type":"labels","origin":"manual"},{"value":{"start":47,"end":50,"text":"one","labels":["CARDINAL"]},"id":"ngGZjJx0tR","from_name":"label","to_name":"text","type":"labels","origin":"manual"}],"was_cancelled":false,"ground_truth":false,"created_at":"2024-10-27T22:51:34.108980Z","updated_at":"2024-11-04T15:41:15.789147Z","draft_created_at":"2024-10-27T22:50:31.367304Z","lead_time":161.98,"prediction":{},"result_count":0,"unique_id":"d4ffb959-5616-4524-9dd0-5354403552b1","import_id":null,"last_action":null,"task":27991,"project":3,"updated_by":1,"parent_prediction":null,"parent_annotation":null,"last_created_by":null}],"file_upload":"eca0c71a-corrected_data.csv","drafts":[],"predictions":[],"data":{"text":"usual hollywood stereotyped everyone movie but one classic  uptight white collar banker russian woman well done even facial expressions great language perfect even russian language nicole splendid job hey guys  get pay for","label":0,"correct_text":"Usual Hollywood stereotyped everyone movie but one classic uptight white collar banker Russian woman well done even facial expressions great language perfect even Russian language Nicole splendid job hey guys get pay for"},"meta":{},"created_at":"2024-10-27T22:14:49.041282Z","updated_at":"2024-11-04T15:41:15.855007Z","inner_id":14,"total_annotations":1,"cancelled_annotations":0,"total_predictions":0,"comment_count":0,"unresolved_comment_count":0,"last_comment_updated_at":null,"project":3,"updated_by":1,"comment_authors":[]},{"id":27992,"annotations":[{"id":31,"completed_by":1,"result":[{"value":{"start":125,"end":136,"text":"tim robbins","labels":["PERSON"]},"id":"TxUl9vLeQI","from_name":"label","to_name":"text","type":"labels","origin":"manual"},{"value":{"start":206,"end":226,"text":"shawshank redemption","labels":["WORK_OF_ART"]},"id":"nA7R93k7O1","from_name":"label","to_name":"text","type":"labels","origin":"manual"},{"value":{"start":227,"end":242,"text":"jacobs ladderbr","labels":["WORK_OF_ART"]},"id":"9pMXlqu9rI","from_name":"label","to_name":"text","type":"labels","origin":"manual"}],"was_cancelled":false,"ground_truth":false,"created_at":"2024-10-27T22:54:24.687991Z","updated_at":"2024-11-04T15:41:53.000495Z","draft_created_at":"2024-10-27T22:52:04.897730Z","lead_time":203.621,"prediction":{},"result_count":0,"unique_id":"c52ab930-9480-45a4-9763-35c88751387b","import_id":null,"last_action":null,"task":27992,"project":3,"updated_by":1,"parent_prediction":null,"parent_annotation":null,"last_created_by":null}],"file_upload":"eca0c71a-corrected_data.csv","drafts":[],"predictions":[],"data":{"text":"think it nearly unbelievable film could made death penalty one worlds controversial topics offends neither against testament tim robbins extraordinary intelligence sensitivity traits seen acting roles well shawshank redemption jacobs ladderbr br this film fact hints subtle compromise for against camps subtle cant put words subtle point vanishing yet one gets sense watching picture compromise possible somehow worked look deeply enough","label":0,"correct_text":"Think it nearly unbelievable film could make death penalty one world controversial topics offends neither against testament Tim Robbins extraordinary intelligence sensitivity traits seen acting roles well Shashank redemption Jacobs ladder BR this film fact hints subtle compromise for against camps subtle can't put words subtle point vanishing, yet one gets sense watching picture compromise possible somehow worked look deeply enough"},"meta":{},"created_at":"2024-10-27T22:14:49.041282Z","updated_at":"2024-11-04T15:41:53.069640Z","inner_id":15,"total_annotations":1,"cancelled_annotations":0,"total_predictions":0,"comment_count":0,"unresolved_comment_count":0,"last_comment_updated_at":null,"project":3,"updated_by":1,"comment_authors":[]},{"id":27993,"annotations":[{"id":32,"completed_by":1,"result":[],"was_cancelled":false,"ground_truth":false,"created_at":"2024-10-27T22:54:35.412015Z","updated_at":"2024-11-04T15:41:59.152463Z","draft_created_at":null,"lead_time":13.681,"prediction":{},"result_count":0,"unique_id":"f7107910-6315-430b-82b9-6af74393d349","import_id":null,"last_action":null,"task":27993,"project":3,"updated_by":1,"parent_prediction":null,"parent_annotation":null,"last_created_by":null}],"file_upload":"eca0c71a-corrected_data.csv","drafts":[],"predictions":[],"data":{"text":"trying rd time k krma special","label":0,"correct_text":"Trying rd time k karma special"},"meta":{},"created_at":"2024-10-27T22:14:49.041282Z","updated_at":"2024-11-04T15:41:59.207102Z","inner_id":16,"total_annotations":1,"cancelled_annotations":0,"total_predictions":0,"comment_count":0,"unresolved_comment_count":0,"last_comment_updated_at":null,"project":3,"updated_by":1,"comment_authors":[]},{"id":27994,"annotations":[{"id":33,"completed_by":1,"result":[{"value":{"start":602,"end":611,"text":"yesterday","labels":["DATE"]},"id":"UBu_gwDSIk","from_name":"label","to_name":"text","type":"labels","origin":"manual"},{"value":{"start":45,"end":53,"text":"tomorrow","labels":["DATE"]},"id":"vAib8E_u79","from_name":"label","to_name":"text","type":"labels","origin":"manual"},{"value":{"start":121,"end":134,"text":"couple months","labels":["TIME"]},"id":"RnGCUFOpbr","from_name":"label","to_name":"text","type":"labels","origin":"manual"}],"was_cancelled":false,"ground_truth":false,"created_at":"2024-10-27T22:59:15.106442Z","updated_at":"2024-11-04T15:43:16.761703Z","draft_created_at":"2024-10-27T22:55:16.218737Z","lead_time":353.816,"prediction":{},"result_count":0,"unique_id":"10555632-0261-4658-8699-342d87f74055","import_id":null,"last_action":null,"task":27994,"project":3,"updated_by":1,"parent_prediction":null,"parent_annotation":null,"last_created_by":null}],"file_upload":"eca0c71a-corrected_data.csv","drafts":[],"predictions":[],"data":{"text":"guy coming sure wear f hey guy friend coming tomorrow im excited im sure wear ive known since middle school weve talking couple months and honest know really care wear will want wear dress something thatd give way feminine impression like dresses often want give impression me makes sense im thinking wearing cargo shorts friends tell nobody likes cargo shorts though like normal pants know of cargo pants thing is seen person since  want make absolutely sure good impression want look nice like put much effort casual like care im gonna light makeup ive got couple pics makeup im gonna bc makeup like yesterday anyone wants see makeup uh guess ill link it also anyone makeup advice hmu think ill worry nails ill probably something pastelmakeup lookhttpsimgurcomaqaorpl","label":0,"correct_text":"Guy coming sure wear f hey guy friend coming tomorrow I'm excite dim sure wear I've known since middle school we've talking couple months and honest know really care wear will want wear dress something that'd give way feminine impression like dresses often want to give impression me makes sense I'm thinking wearing cargo shorts friends tell nobody likes cargo shorts though like normal pants know of cargo pants thing is seen person since want make absolutely sure good impression want to look nice like put much effort casual like care I'm going to light makeup I've got couple pics makeup I'm gonna bc makeup like yesterday anyone wants to see makeup uh guess ill link it also anyone make up advice SMU think ill worry nails ill probably something pastel makeup lookhttpsimgurcomaqaorpl"},"meta":{},"created_at":"2024-10-27T22:14:49.041282Z","updated_at":"2024-11-04T15:43:16.827814Z","inner_id":17,"total_annotations":1,"cancelled_annotations":0,"total_predictions":0,"comment_count":0,"unresolved_comment_count":0,"last_comment_updated_at":null,"project":3,"updated_by":1,"comment_authors":[]},{"id":27995,"annotations":[{"id":34,"completed_by":1,"result":[{"value":{"start":0,"end":3,"text":"one","labels":["CARDINAL"]},"id":"yCesbuHK-H","from_name":"label","to_name":"text","type":"labels","origin":"manual"},{"value":{"start":244,"end":253,"text":"br mulder","labels":["PERSON"]},"id":"AM2slRyYm6","from_name":"label","to_name":"text","type":"labels","origin":"manual"},{"value":{"start":385,"end":394,"text":"br mulder","labels":["PERSON"]},"id":"FXgThQZ_cg","from_name":"label","to_name":"text","type":"labels","origin":"manual"}],"was_cancelled":false,"ground_truth":false,"created_at":"2024-10-27T23:01:08.539471Z","updated_at":"2024-11-04T15:45:39.682017Z","draft_created_at":"2024-10-27T22:59:42.175056Z","lead_time":249.17200000000003,"prediction":{},"result_count":0,"unique_id":"bcc04493-dba9-457e-89e6-642dee663f9e","import_id":null,"last_action":null,"task":27995,"project":3,"updated_by":1,"parent_prediction":null,"parent_annotation":null,"last_created_by":null}],"file_upload":"eca0c71a-corrected_data.csv","drafts":[],"predictions":[],"data":{"text":"one best episodes entire xfiles series creepy beyond words tension suspense episode well executed entire  minutes managed almost scary entire movie episode joins ranks best episodes greats home humbug bad blood milagro best respective seasonbr br mulder scullys growing relationship put test episode really trust other episode also contains tiny scene leave romantic viewers smilingbr br mulder bring mittens","label":0,"correct_text":"One best episodes entire files series creepy beyond words tension suspense episode well executed entire minutes managed almost scary entire movie episode joins ranks the best episodes greats home humbug bad blood milagro the best respective season BR Mulder sculls growing relationship put test episode really trust other episode also contains tiny scene leave romantic viewers smiling BR Mulder bring mittens"},"meta":{},"created_at":"2024-10-27T22:14:49.041282Z","updated_at":"2024-11-04T15:45:39.750668Z","inner_id":18,"total_annotations":1,"cancelled_annotations":0,"total_predictions":0,"comment_count":0,"unresolved_comment_count":0,"last_comment_updated_at":null,"project":3,"updated_by":1,"comment_authors":[]},{"id":27996,"annotations":[{"id":35,"completed_by":1,"result":[{"value":{"start":798,"end":803,"text":"today","labels":["CARDINAL"]},"id":"guGdtnceM0","from_name":"label","to_name":"text","type":"labels","origin":"manual"},{"value":{"start":703,"end":706,"text":"one","labels":["CARDINAL"]},"id":"F3-eeOI-Y1","from_name":"label","to_name":"text","type":"labels","origin":"manual"},{"value":{"start":662,"end":665,"text":"one","labels":["CARDINAL"]},"id":"h7KvAAsHfi","from_name":"label","to_name":"text","type":"labels","origin":"manual"},{"value":{"start":338,"end":349,"text":"one morning","labels":["TIME"]},"id":"nPldEytdtF","from_name":"label","to_name":"text","type":"labels","origin":"manual"}],"was_cancelled":false,"ground_truth":false,"created_at":"2024-10-27T23:03:48.830823Z","updated_at":"2024-11-04T15:49:58.464032Z","draft_created_at":"2024-10-27T23:02:30.859533Z","lead_time":405.705,"prediction":{},"result_count":0,"unique_id":"44b35763-7bea-4142-a155-cf34f9e59ddf","import_id":null,"last_action":null,"task":27996,"project":3,"updated_by":1,"parent_prediction":null,"parent_annotation":null,"last_created_by":null}],"file_upload":"eca0c71a-corrected_data.csv","drafts":[],"predictions":[],"data":{"text":"good byehey you know sure hell know me goodbye probably mean anything you plus bother read rules sub may may taken down hard getting harder weakened much ever since small innocent child things bad almost every day stuck middle parents fighting years id hide table parents shouted eachothe marriage children mistake maybe mistake remember one morning sitting dining room table eating breakfast hear mother become hysterical upstairs run house backyard screaming sky remember words screamed later learned oldest brother attempted redflag remember lot things childhood years trying forget many memories theyve coming back me kid socially isolated stuck day friends one entire life panic inside even saying one word people know ive thinking maybe different tried talk people littlemaybe social outcast today many opportunities ive missed thrown away hurts im waste life whole life ive trapped body constantly wish someone else hope die come back good person people actually like care about knew age definitely say im young way young stay wait things around crumbling including myself ive crumbling know like im dust time wind take me hope you reading good life things bad turns around you me love love","label":1,"correct_text":"Good bye hey you know sure hell know me goodbye probably mean anything you plus bother read rules sub may take down hard getting harder weakened much ever since small innocent child things bad almost every day stuck middle parents fighting years I'd hide table parents shouted machete marriage children mistake maybe mistake remember one morning sitting dining room table eating breakfast hear mother become hysterical upstairs run house backyard screaming sky remember words screamed later learned oldest brother attempted red flag remember lot things childhood years trying to forget many memories they've coming back me kid socially isolated stuck day friends one entire life panic inside even saying one word people know I've thinking maybe different tried talk people little maybe social outcast today many opportunities I've missed thrown away hurt sim waste life whole life I've trapped body constantly wish someone else hope die come back good person people actually like care about knew age definitely say I'm young way young stay wait things around crumbling including myself I've crumbling know like I'm dust time wind take me hope you're reading good life things bad turns around you me love"},"meta":{},"created_at":"2024-10-27T22:14:49.041282Z","updated_at":"2024-11-04T15:49:58.531860Z","inner_id":19,"total_annotations":1,"cancelled_annotations":0,"total_predictions":0,"comment_count":0,"unresolved_comment_count":0,"last_comment_updated_at":null,"project":3,"updated_by":1,"comment_authors":[]},{"id":27997,"annotations":[{"id":36,"completed_by":1,"result":[{"value":{"start":40,"end":46,"text":"monday","labels":["DATE"]},"id":"kEi61r1vw0","from_name":"label","to_name":"text","type":"labels","origin":"manual"},{"value":{"start":76,"end":84,"text":"one days","labels":["DATE"]},"id":"ljp3GilgJi","from_name":"label","to_name":"text","type":"labels","origin":"manual"}],"was_cancelled":false,"ground_truth":false,"created_at":"2024-10-27T23:04:27.526146Z","updated_at":"2024-11-04T15:50:36.597803Z","draft_created_at":"2024-10-27T23:04:12.859469Z","lead_time":65.02199999999999,"prediction":{},"result_count":0,"unique_id":"af859c4d-8d72-4fa5-b359-5e27c925c222","import_id":null,"last_action":null,"task":27997,"project":3,"updated_by":1,"parent_prediction":null,"parent_annotation":null,"last_created_by":null}],"file_upload":"eca0c71a-corrected_data.csv","drafts":[],"predictions":[],"data":{"text":"tried put sugar coffee back spoon happy monday everyonestay safe sunflowers one days","label":1,"correct_text":"Tried put sugar coffee back spoon happy Monday everyone stay safe sunflowers one day"},"meta":{},"created_at":"2024-10-27T22:14:49.041282Z","updated_at":"2024-11-04T15:50:36.666103Z","inner_id":20,"total_annotations":1,"cancelled_annotations":0,"total_predictions":0,"comment_count":0,"unresolved_comment_count":0,"last_comment_updated_at":null,"project":3,"updated_by":1,"comment_authors":[]},{"id":27998,"annotations":[{"id":37,"completed_by":1,"result":[],"was_cancelled":false,"ground_truth":false,"created_at":"2024-10-27T23:05:23.799160Z","updated_at":"2024-11-04T15:50:52.592209Z","draft_created_at":"2024-10-27T23:04:49.300542Z","lead_time":68.683,"prediction":{},"result_count":0,"unique_id":"3325f651-95e4-44e8-9b6d-4387d9c0d725","import_id":null,"last_action":null,"task":27998,"project":3,"updated_by":1,"parent_prediction":null,"parent_annotation":null,"last_created_by":null}],"file_upload":"eca0c71a-corrected_data.csv","drafts":[],"predictions":[],"data":{"text":"sure leave noteso im struggling place leave note obvious family die find read it especially includes instructions funeral i want wasting money it shit like that need find soon can want find kill though difficult impulsive person know exactly im going it definately happening soon want find die freak out leave this","label":1,"correct_text":"Sure leave notes I'm struggling place leave note obvious family die find read it especially includes instructions funeral I want wasting money it shit like that need find soon can want to find kill though difficult impulsive person know exactly I'm going it definitely happening soon want to find die freak out leave this"},"meta":{},"created_at":"2024-10-27T22:14:49.041282Z","updated_at":"2024-11-04T15:50:52.660617Z","inner_id":21,"total_annotations":1,"cancelled_annotations":0,"total_predictions":0,"comment_count":0,"unresolved_comment_count":0,"last_comment_updated_at":null,"project":3,"updated_by":1,"comment_authors":[]},{"id":27999,"annotations":[{"id":38,"completed_by":1,"result":[{"value":{"start":16,"end":25,"text":"years ago","labels":["DATE"]},"id":"etHmRlyv5p","from_name":"label","to_name":"text","type":"labels","origin":"manual"}],"was_cancelled":false,"ground_truth":false,"created_at":"2024-10-27T23:06:02.274543Z","updated_at":"2024-10-27T23:06:02.274543Z","draft_created_at":null,"lead_time":12.789,"prediction":{},"result_count":0,"unique_id":"278195d8-8df1-4d82-834f-21038fe3ae0a","import_id":null,"last_action":null,"task":27999,"project":3,"updated_by":1,"parent_prediction":null,"parent_annotation":null,"last_created_by":null}],"file_upload":"eca0c71a-corrected_data.csv","drafts":[],"predictions":[],"data":{"text":"bruh wish dumb  years ago ignorance bliss im aware fucked people enjoyable","label":0,"correct_text":"Bruh wish dumb years ago ignorance bliss I'm aware fucked people enjoyable"},"meta":{},"created_at":"2024-10-27T22:14:49.041282Z","updated_at":"2024-10-27T23:06:02.366548Z","inner_id":22,"total_annotations":1,"cancelled_annotations":0,"total_predictions":0,"comment_count":0,"unresolved_comment_count":0,"last_comment_updated_at":null,"project":3,"updated_by":1,"comment_authors":[]},{"id":28000,"annotations":[{"id":53,"completed_by":1,"result":[{"value":{"start":34,"end":39,"text":"years","labels":["DATE"]},"id":"Xu9b1q-Uq1","from_name":"label","to_name":"text","type":"labels","origin":"manual"},{"value":{"start":999,"end":1012,"text":"mount everest","labels":["LOC"]},"id":"PkP-2hdhV7","from_name":"label","to_name":"text","type":"labels","origin":"manual"},{"value":{"start":264,"end":273,"text":"years ago","labels":["DATE"]},"id":"7kAe5yRoG7","from_name":"label","to_name":"text","type":"labels","origin":"manual"},{"value":{"start":511,"end":514,"text":"one","labels":["CARDINAL"]},"id":"HH0j9w7VDs","from_name":"label","to_name":"text","type":"labels","origin":"manual"}],"was_cancelled":false,"ground_truth":false,"created_at":"2024-10-28T10:38:47.360899Z","updated_at":"2024-11-04T15:51:55.948244Z","draft_created_at":"2024-10-28T10:37:41.579880Z","lead_time":130.345,"prediction":{},"result_count":0,"unique_id":"b0e99d94-0a0c-4215-be15-8c473c43efeb","import_id":null,"last_action":null,"task":28000,"project":3,"updated_by":1,"parent_prediction":null,"parent_annotation":null,"last_created_by":null}],"file_upload":"eca0c71a-corrected_data.csv","drafts":[],"predictions":[],"data":{"text":"want die even tho feels like dead yearshello everyone want tell u depression  loneliness general feeling wanting end life good dont even know im this idk im looking posting so im ashamed problems point feel ashamed writing strangers wont ever see life since like  years ago problem bad breath really mean bad cant erase even directly brushed teeth  trying heal sickness long time little success many doctors free health care dont live us obviously im unemployed cant afford pay doctor stopped trying go doctors one doctor laughed sickness literally could feel didnt care gave vibe its sickness go home imagine struggling even talk openly doctor receiving ur nuts sick threatment him im sure people dont problem hard understand hard me let put like  would u feel u stepped shit couldnt wipe offwould u comfortable walking around standing next someone talking someone obviously dont even need talk someone smell it breathing thru nose like result got anxiety standing someone going shop like climbing mount everest me achieve nothing life none want anything person smells none ever take serious someone like that want able interact people","label":1,"correct_text":"Want die even tho feels like dead years hello everyone want to tell u depression loneliness general feeling wanting end life good don't even know I'm this IDK I'm looking posting so I'm ashamed problems point feel ashamed writing strangers won't ever see life since like years ago problem bad breath really mean bad can't erase even directly brushed teeth trying to heal sickness long time little success many doctors free health care don't live us obviously I'm unemployed cant afford pay doctor stopped trying to go doctors one doctor laughed sickness literally could feel didn't care gave vibe its sickness go home imagine struggling even talk openly doctor receiving your nuts sick treatment him I'm sure people don't problem hard understand me let put like would u feel u stepped shit couldn't wipe off would u comfortable walking around standing next someone talking someone obviously don't even need talk someone smell it breathing through nose like result got anxiety standing someone going shop like climbing Mount Everest me achieve nothing life none want anything person smells none ever take serious someone like that want able interact people"},"meta":{},"created_at":"2024-10-27T22:14:49.041282Z","updated_at":"2024-11-04T15:51:56.013893Z","inner_id":23,"total_annotations":1,"cancelled_annotations":0,"total_predictions":0,"comment_count":0,"unresolved_comment_count":0,"last_comment_updated_at":null,"project":3,"updated_by":1,"comment_authors":[]},{"id":28001,"annotations":[{"id":39,"completed_by":1,"result":[{"value":{"start":22,"end":27,"text":"night","labels":["TIME"]},"id":"TC11bmxTsU","from_name":"label","to_name":"text","type":"labels","origin":"manual"},{"value":{"start":78,"end":83,"text":"loraz","labels":["PRODUCT"]},"id":"ctRspsbNKM","from_name":"label","to_name":"text","type":"labels","origin":"manual"}],"was_cancelled":false,"ground_truth":false,"created_at":"2024-10-27T23:07:32.059635Z","updated_at":"2024-10-27T23:07:32.059635Z","draft_created_at":"2024-10-27T23:06:22.454725Z","lead_time":84.638,"prediction":{},"result_count":0,"unique_id":"dc14435c-1596-489b-8d9a-1487df49b6fd","import_id":null,"last_action":null,"task":28001,"project":3,"updated_by":1,"parent_prediction":null,"parent_annotation":null,"last_created_by":null}],"file_upload":"eca0c71a-corrected_data.csv","drafts":[],"predictions":[],"data":{"text":"im barely holding oni night prolonged panic attack get lot one sustained take loraz butbit isnt working im back lamictal hasnt kicked yet bipolar ii im depressed phase im clawing skin fantasizing bleeding out punch feel dont know long this everything spiraling hold together dont lose apartment job family want dead done dont know help point","label":1,"correct_text":"Im barely holding on night prolonged panic attack get lot one sustained take Lora but bit isn't working I'm back capital hasn't kicked yet bipolar ii I'm depressed phase I'm clawing skin fantasizing bleeding out punch feel don't know long this everything spiraling hold together don't lose apartment job family want dead done don't know help point"},"meta":{},"created_at":"2024-10-27T22:14:49.041282Z","updated_at":"2024-10-27T23:07:32.162639Z","inner_id":24,"total_annotations":1,"cancelled_annotations":0,"total_predictions":0,"comment_count":0,"unresolved_comment_count":0,"last_comment_updated_at":null,"project":3,"updated_by":1,"comment_authors":[]},{"id":28002,"annotations":[{"id":40,"completed_by":1,"result":[{"value":{"start":185,"end":192,"text":"discord","labels":["ORG"]},"id":"2NqHchjD-M","from_name":"label","to_name":"text","type":"labels","origin":"manual"},{"value":{"start":504,"end":511,"text":"discord","labels":["ORG"]},"id":"ZIIbxDTg2f","from_name":"label","to_name":"text","type":"labels","origin":"manual"},{"value":{"start":86,"end":91,"text":"daily","labels":["DATE"]},"id":"rQc6Qy8Z_i","from_name":"label","to_name":"text","type":"labels","origin":"manual"},{"value":{"start":318,"end":321,"text":"one","labels":["CARDINAL"]},"id":"ISoPfzJIJw","from_name":"label","to_name":"text","type":"labels","origin":"manual"}],"was_cancelled":false,"ground_truth":false,"created_at":"2024-10-27T23:09:36.646337Z","updated_at":"2024-11-04T15:53:19.208651Z","draft_created_at":"2024-10-27T23:08:02.063078Z","lead_time":185.046,"prediction":{},"result_count":0,"unique_id":"d066319b-8ec9-4182-bf48-dec5125a10a5","import_id":null,"last_action":null,"task":28002,"project":3,"updated_by":1,"parent_prediction":null,"parent_annotation":null,"last_created_by":null}],"file_upload":"eca0c71a-corrected_data.csv","drafts":[],"predictions":[],"data":{"text":"im warn you please hear out hello getting straight point searching friends know basic daily stuff hitted upon someone nickname  umykittylolitahttpswwwredditcomusermykittylolita  asking discord since everything started get outta hand stalking even hiding fact they even doubt really girl digging private info even that one hella weird cutting or faking cut seem rly legit me arm nickname used go by owie sending images time trying take logic understanding approach understood much blocked em off got join discord server  mins also banned em server order keep rest members save started inviting many active people server server started straightup talking shit me dropping many screenshots private conversations possible weirdconcerning creepy repulsive yall doublecheck watchout","label":0,"correct_text":"Im warn you please hear out hello getting straight point searching friends know basic daily stuff fitted upon someone nickname umykittylolitahttpswwwredditcomusermykittylolita asking discord since everything started get out of hand stalking even hiding fact they even doubt really girl digging private info even that one hello weird cutting or faking cut seem fly legit me arm nickname used go by Bowie sending images time trying to take logic understanding approach understood much blocked them off got join discord server mins also banned them server order keep rest members save started inviting many active people server started straight-up talking shit me dropping many screenshots private conversations possible weird concerning creepy repulsive y'all double-check watch out"},"meta":{},"created_at":"2024-10-27T22:14:49.041282Z","updated_at":"2024-11-04T15:53:19.283909Z","inner_id":25,"total_annotations":1,"cancelled_annotations":0,"total_predictions":0,"comment_count":0,"unresolved_comment_count":0,"last_comment_updated_at":null,"project":3,"updated_by":1,"comment_authors":[]},{"id":28003,"annotations":[{"id":41,"completed_by":1,"result":[],"was_cancelled":false,"ground_truth":false,"created_at":"2024-10-27T23:09:43.569556Z","updated_at":"2024-10-27T23:09:43.569556Z","draft_created_at":null,"lead_time":4.969,"prediction":{},"result_count":0,"unique_id":"5dc545fc-b912-4602-84a2-81e2fc6b69cf","import_id":null,"last_action":null,"task":28003,"project":3,"updated_by":1,"parent_prediction":null,"parent_annotation":null,"last_created_by":null}],"file_upload":"eca0c71a-corrected_data.csv","drafts":[],"predictions":[],"data":{"text":"me think think lost matter point never felt want much","label":1,"correct_text":"Me think lost matter point never felt want much"},"meta":{},"created_at":"2024-10-27T22:14:49.041282Z","updated_at":"2024-10-27T23:09:43.654553Z","inner_id":26,"total_annotations":1,"cancelled_annotations":0,"total_predictions":0,"comment_count":0,"unresolved_comment_count":0,"last_comment_updated_at":null,"project":3,"updated_by":1,"comment_authors":[]},{"id":28004,"annotations":[{"id":42,"completed_by":1,"result":[],"was_cancelled":false,"ground_truth":false,"created_at":"2024-10-27T23:09:55.331455Z","updated_at":"2024-10-27T23:09:55.331455Z","draft_created_at":null,"lead_time":9.26,"prediction":{},"result_count":0,"unique_id":"e16d40ff-fb8b-450a-bf76-d9135c3153e5","import_id":null,"last_action":null,"task":28004,"project":3,"updated_by":1,"parent_prediction":null,"parent_annotation":null,"last_created_by":null}],"file_upload":"eca0c71a-corrected_data.csv","drafts":[],"predictions":[],"data":{"text":"got told im lot prettier person girl talked lot video chat idk feel it good thing think ugly video calling prettier relative saw before think","label":0,"correct_text":"Got told I'm lot prettier person girl talked lot video chat IDK feel it good thing think ugly video calling prettier relative saw before think"},"meta":{},"created_at":"2024-10-27T22:14:49.041282Z","updated_at":"2024-10-27T23:09:55.425006Z","inner_id":27,"total_annotations":1,"cancelled_annotations":0,"total_predictions":0,"comment_count":0,"unresolved_comment_count":0,"last_comment_updated_at":null,"project":3,"updated_by":1,"comment_authors":[]},{"id":28005,"annotations":[{"id":43,"completed_by":1,"result":[{"value":{"start":90,"end":101,"text":"senior year","labels":["DATE"]},"id":"dzLgQLcXcR","from_name":"label","to_name":"text","type":"labels","origin":"manual"},{"value":{"start":341,"end":346,"text":"covid","labels":["EVENT"]},"id":"GMosqEnroa","from_name":"label","to_name":"text","type":"labels","origin":"manual"},{"value":{"start":595,"end":607,"text":"another year","labels":["DATE"]},"id":"3Nbmpo3lFl","from_name":"label","to_name":"text","type":"labels","origin":"manual"},{"value":{"start":65,"end":68,"text":"one","labels":["CARDINAL"]},"id":"WaJtm0z0WH","from_name":"label","to_name":"text","type":"labels","origin":"manual"},{"value":{"start":147,"end":150,"text":"one","labels":["CARDINAL"]},"id":"Ntxn5hCw3f","from_name":"label","to_name":"text","type":"labels","origin":"manual"},{"value":{"start":322,"end":331,"text":"last year","labels":["DATE"]},"id":"6HpuDZGg0C","from_name":"label","to_name":"text","type":"labels","origin":"manual"}],"was_cancelled":false,"ground_truth":false,"created_at":"2024-10-27T23:14:48.213772Z","updated_at":"2024-11-04T15:55:47.086076Z","draft_created_at":"2024-10-27T23:10:17.160292Z","lead_time":414.435,"prediction":{},"result_count":0,"unique_id":"a16a2ece-8266-499e-9545-88f01a660ef9","import_id":null,"last_action":null,"task":28005,"project":3,"updated_by":1,"parent_prediction":null,"parent_annotation":null,"last_created_by":null}],"file_upload":"eca0c71a-corrected_data.csv","drafts":[],"predictions":[],"data":{"text":"every success ever life come extremely lucky high school applied one college early got in senior year college depressed incapacitated managed send one grad school application somehow got accepted grad school ending still depressed actually work applying jobs  replied email got sent mailing list on miraculously got hired last year got laid covid could even work motivation send resume anywhere old boss called offered position back somebody else quit spot opened upi never done work deserve things feel like cannot actually function independent adult  wait things magically fall lap keep going another year every time way rock bottom manage make back surface water keep desperately gasping air little longer honestly wish could finally drown get with everything pure luck deserve it","label":1,"correct_text":"Every success ever life come extremely lucky high school applied one college early got in senior year college depressed incapacitated managed send one grad school application somehow got accepted grad school ending still depressed actually work applying jobs replied email got sent mailing list on miraculously got hired last year got laid covid could even work motivation send resume anywhere old boss called offered position back somebody else quit spot opened UPI never done work deserve things feel like cannot actually function independent adult wait things magically fall lap keep going another year every time way rock bottom manage make back surface water keep desperately gasping air little longer honestly wish could finally drown get with everything pure luck deserve it"},"meta":{},"created_at":"2024-10-27T22:14:49.042298Z","updated_at":"2024-11-04T15:55:47.156382Z","inner_id":28,"total_annotations":1,"cancelled_annotations":0,"total_predictions":0,"comment_count":0,"unresolved_comment_count":0,"last_comment_updated_at":null,"project":3,"updated_by":1,"comment_authors":[]},{"id":28006,"annotations":[{"id":44,"completed_by":1,"result":[],"was_cancelled":false,"ground_truth":false,"created_at":"2024-10-27T23:14:56.090415Z","updated_at":"2024-10-27T23:14:56.091413Z","draft_created_at":null,"lead_time":6.484,"prediction":{},"result_count":0,"unique_id":"ea1f8a4f-b885-40fe-891b-bb9d643f6c51","import_id":null,"last_action":null,"task":28006,"project":3,"updated_by":1,"parent_prediction":null,"parent_annotation":null,"last_created_by":null}],"file_upload":"eca0c71a-corrected_data.csv","drafts":[],"predictions":[],"data":{"text":"emptynever know time gonna up id admit mental ward im ","label":1,"correct_text":"Emptynever know time going to up I'd admit mental war dim "},"meta":{},"created_at":"2024-10-27T22:14:49.042298Z","updated_at":"2024-10-27T23:14:56.147933Z","inner_id":29,"total_annotations":1,"cancelled_annotations":0,"total_predictions":0,"comment_count":0,"unresolved_comment_count":0,"last_comment_updated_at":null,"project":3,"updated_by":1,"comment_authors":[]},{"id":28007,"annotations":[{"id":45,"completed_by":1,"result":[],"was_cancelled":false,"ground_truth":false,"created_at":"2024-10-27T23:15:02.766823Z","updated_at":"2024-10-27T23:15:02.766823Z","draft_created_at":null,"lead_time":4.709,"prediction":{},"result_count":0,"unique_id":"7a5b3ecd-a624-4b3d-88a9-8c01ace51597","import_id":null,"last_action":null,"task":28007,"project":3,"updated_by":1,"parent_prediction":null,"parent_annotation":null,"last_created_by":null}],"file_upload":"eca0c71a-corrected_data.csv","drafts":[],"predictions":[],"data":{"text":"bad memories keep playing headover again thought this","label":1,"correct_text":"Bad memories keep playing head over again thought this"},"meta":{},"created_at":"2024-10-27T22:14:49.042298Z","updated_at":"2024-10-27T23:15:02.823245Z","inner_id":30,"total_annotations":1,"cancelled_annotations":0,"total_predictions":0,"comment_count":0,"unresolved_comment_count":0,"last_comment_updated_at":null,"project":3,"updated_by":1,"comment_authors":[]},{"id":28008,"annotations":[{"id":46,"completed_by":1,"result":[{"value":{"start":49,"end":56,"text":"million","labels":["CARDINAL"]},"id":"DVttYxuoxp","from_name":"label","to_name":"text","type":"labels","origin":"manual"},{"value":{"start":159,"end":162,"text":"one","labels":["CARDINAL"]},"id":"8hbOOKUWxY","from_name":"label","to_name":"text","type":"labels","origin":"manual"}],"was_cancelled":false,"ground_truth":false,"created_at":"2024-10-27T23:15:48.483116Z","updated_at":"2024-11-04T15:56:54.555083Z","draft_created_at":"2024-10-27T23:15:44.554509Z","lead_time":56.593,"prediction":{},"result_count":0,"unique_id":"9628962b-6bb8-4107-a95e-2c7321f1f76d","import_id":null,"last_action":null,"task":28008,"project":3,"updated_by":1,"parent_prediction":null,"parent_annotation":null,"last_created_by":null}],"file_upload":"eca0c71a-corrected_data.csv","drafts":[],"predictions":[],"data":{"text":"wish people family owned cats dogs like  cousins million nd amp rd cousins like  aunts uncles none pets like how nearly classmates least  family member pet im one family genuinely loves animals understand cousins living situation unable pets rich cousins","label":0,"correct_text":"Wish people family owned cats dogs like cousins a million ND amp rd cousins like aunts uncles none pets like how nearly classmates the least family member pet I'm one family genuinely loves animals understand cousins living situation unable pets rich cousins"},"meta":{},"created_at":"2024-10-27T22:14:49.042298Z","updated_at":"2024-11-04T15:56:54.616243Z","inner_id":31,"total_annotations":1,"cancelled_annotations":0,"total_predictions":0,"comment_count":0,"unresolved_comment_count":0,"last_comment_updated_at":null,"project":3,"updated_by":1,"comment_authors":[]},{"id":28009,"annotations":[{"id":47,"completed_by":1,"result":[],"was_cancelled":false,"ground_truth":false,"created_at":"2024-10-27T23:15:57.925242Z","updated_at":"2024-10-27T23:15:57.925242Z","draft_created_at":null,"lead_time":7.814,"prediction":{},"result_count":0,"unique_id":"f9f23ada-2353-47bf-ad0c-5ca1ca278275","import_id":null,"last_action":null,"task":28009,"project":3,"updated_by":1,"parent_prediction":null,"parent_annotation":null,"last_created_by":null}],"file_upload":"eca0c71a-corrected_data.csv","drafts":[],"predictions":[],"data":{"text":"got friends prank call yoooooo yall got numbers boys prank call us","label":0,"correct_text":"Got friends prank call voodoo y'all got numbers boys prank call us"},"meta":{},"created_at":"2024-10-27T22:14:49.042298Z","updated_at":"2024-10-27T23:15:57.994565Z","inner_id":32,"total_annotations":1,"cancelled_annotations":0,"total_predictions":0,"comment_count":0,"unresolved_comment_count":0,"last_comment_updated_at":null,"project":3,"updated_by":1,"comment_authors":[]},{"id":28010,"annotations":[{"id":48,"completed_by":1,"result":[{"value":{"start":139,"end":153,"text":"kelsey grammar","labels":["PERSON"]},"id":"qhzq8NiTfS","from_name":"label","to_name":"text","type":"labels","origin":"manual"},{"value":{"start":154,"end":172,"text":"harry dean stanton","labels":["PERSON"]},"id":"n1gYiAzyKF","from_name":"label","to_name":"text","type":"labels","origin":"manual"},{"value":{"start":173,"end":186,"text":"ron schneider","labels":["PERSON"]},"id":"a_WL8tQZ__","from_name":"label","to_name":"text","type":"labels","origin":"manual"},{"value":{"start":423,"end":432,"text":"pampanito","labels":["ORG"]},"id":"o0mubShE1V","from_name":"label","to_name":"text","type":"labels","origin":"manual"},{"value":{"start":201,"end":208,"text":"buckman","labels":["PERSON"]},"id":"hJ53Ti4059","from_name":"label","to_name":"text","type":"labels","origin":"manual"},{"value":{"start":309,"end":328,"text":"submarine pampanito","labels":["ORG"]},"id":"XqhcTUaY6Y","from_name":"label","to_name":"text","type":"labels","origin":"manual"}],"was_cancelled":false,"ground_truth":false,"created_at":"2024-10-27T23:19:17.899753Z","updated_at":"2024-11-04T15:59:18.476624Z","draft_created_at":"2024-10-27T23:16:27.443194Z","lead_time":317.672,"prediction":{},"result_count":0,"unique_id":"3e436af4-8242-4658-b5f6-cd3d1f32fb59","import_id":null,"last_action":null,"task":28010,"project":3,"updated_by":1,"parent_prediction":null,"parent_annotation":null,"last_created_by":null}],"file_upload":"eca0c71a-corrected_data.csv","drafts":[],"predictions":[],"data":{"text":"discovered film love it right mix fast moving story entertaining characters hilarious moments but overloaded stupid jokes fun performances kelsey grammar harry dean stanton ron schneider rip torn more buckman especially good really enjoyed watching guy played stapanickbr br i also find interesting used real submarine pampanito running top scenes emulated almost exactly sets set decoration really impressive digital tour pampanito online compare scenes movie excellent job filmbr br what light entertaining truly enjoyable movie","label":0,"correct_text":"Discovered film love it right mixes fast moving story entertaining characters hilarious moments but overloaded stupid jokes fun performances Kelsey grammar harry dean Stanton Ron Schneider rip torn more Beckman especially good really enjoyed watching guy played stapanickbr BR I also find interesting used real submarine rampant running top scenes emulated almost exactly sets decoration really impressive digital tour rampant online compare scenes movie excellent job film BR what light entertaining truly enjoyable movie"},"meta":{},"created_at":"2024-10-27T22:14:49.042298Z","updated_at":"2024-11-04T15:59:18.611425Z","inner_id":33,"total_annotations":1,"cancelled_annotations":0,"total_predictions":0,"comment_count":0,"unresolved_comment_count":0,"last_comment_updated_at":null,"project":3,"updated_by":1,"comment_authors":[]},{"id":28011,"annotations":[{"id":49,"completed_by":1,"result":[{"value":{"start":8,"end":13,"text":"vegas","labels":["GPE"]},"id":"GDY5LSEf8l","from_name":"label","to_name":"text","type":"labels","origin":"manual"},{"value":{"start":322,"end":332,"text":"last night","labels":["TIME"]},"id":"zQ_ov4Xnjv","from_name":"label","to_name":"text","type":"labels","origin":"manual"},{"value":{"start":464,"end":474,"text":"last night","labels":["TIME"]},"id":"ByJJTHekWz","from_name":"label","to_name":"text","type":"labels","origin":"manual"},{"value":{"start":145,"end":156,"text":"last hours","labels":["TIME"]},"id":"tt1dNlFAKm","from_name":"label","to_name":"text","type":"labels","origin":"manual"},{"value":{"start":792,"end":799,"text":"tonight","labels":["TIME"]},"id":"sWo5Kp_JA9","from_name":"label","to_name":"text","type":"labels","origin":"manual"},{"value":{"start":845,"end":849,"text":"wolf","labels":["PERSON"]},"id":"Rxw3sGQ-1P","from_name":"label","to_name":"text","type":"labels","origin":"manual"}],"was_cancelled":false,"ground_truth":false,"created_at":"2024-10-27T23:20:37.320037Z","updated_at":"2024-11-04T16:00:52.877283Z","draft_created_at":"2024-10-27T23:19:40.667257Z","lead_time":157.00699999999998,"prediction":{},"result_count":0,"unique_id":"0d8e4a40-9383-4358-8950-4a37dd872762","import_id":null,"last_action":null,"task":28011,"project":3,"updated_by":1,"parent_prediction":null,"parent_annotation":null,"last_created_by":null}],"file_upload":"eca0c71a-corrected_data.csv","drafts":[],"predictions":[],"data":{"text":"redflag vegas final chapteri know lame op deliver especially know right begging pull figurative trigger ive seen beautiful crosssection humanity last  hours im hopeless position im end resources ive tried positive thinking reaching friends like nothing helping came back guys sorry gender specific pronoun actually helped last night wrestle fact still think desperate plea attention even worse attempt guerrilla marketing struggling writer lack success intentions last night paints unfavorable light get that shit bothers too gets right even solve problems listed previous entry im still pretty doomed heres another desperate cast sea lowliness feel struggling find reason keep going responded previous post please take personally im really hoping see efforts wasted im asking help situation tonight dire before though id fault equate boy cried wolf help","label":1,"correct_text":"Redflag Vegas final chapter know lame op deliver especially know right begging pull figurative trigger I've seen beautiful cross section humanity last hours I'm hopeless position I'm end resources I've tried positive thinking reaching friends like nothing helping came back guys sorry gender-specific pronoun actually helped last night wrestle fact still think desperate plea attention even worse attempt guerrilla marketing struggling writer lack success intentions last night paints unfavorable light get that shit bothers too gets right even solve problems listed previous entry I'm still pretty doomed here's another desperate cast sea lowliness feel struggling find reason keep going responded previous post please take personally I'm really hoping see efforts waste dim asking help situation tonight dire before though I'd fault equate boy cried wolf help"},"meta":{},"created_at":"2024-10-27T22:14:49.042298Z","updated_at":"2024-11-04T16:00:52.938190Z","inner_id":34,"total_annotations":1,"cancelled_annotations":0,"total_predictions":0,"comment_count":0,"unresolved_comment_count":0,"last_comment_updated_at":null,"project":3,"updated_by":1,"comment_authors":[]},{"id":28012,"annotations":[{"id":50,"completed_by":1,"result":[{"value":{"start":206,"end":214,"text":"everyday","labels":["DATE"]},"id":"Tm8yvMvpFh","from_name":"label","to_name":"text","type":"labels","origin":"manual"}],"was_cancelled":false,"ground_truth":false,"created_at":"2024-10-27T23:21:01.014407Z","updated_at":"2024-10-27T23:21:01.014407Z","draft_created_at":"2024-10-27T23:20:59.863967Z","lead_time":21.855,"prediction":{},"result_count":0,"unique_id":"d6afcd5f-fe04-45e0-ba89-bc8d9b4d7b88","import_id":null,"last_action":null,"task":28012,"project":3,"updated_by":1,"parent_prediction":null,"parent_annotation":null,"last_created_by":null}],"file_upload":"eca0c71a-corrected_data.csv","drafts":[],"predictions":[],"data":{"text":"cant go oni wanna kill ive gone shit cant bare life anymore im always shouted main person complain fucking shit self harm cuts armwrist cant tell anyone coz one mum dad always going want stop think redflag everyday probably leave everything soon need support reason live please help","label":1,"correct_text":"Cant go on want to kill I've gone shit can't bare life any more I'm always shouted main person complain fucking shit self harm cuts arm wrist cant tell anyone because one mum dad always going want stop think red flag every day probably leave everything soon need support reason live please help"},"meta":{},"created_at":"2024-10-27T22:14:49.042298Z","updated_at":"2024-10-27T23:21:01.074327Z","inner_id":35,"total_annotations":1,"cancelled_annotations":0,"total_predictions":0,"comment_count":0,"unresolved_comment_count":0,"last_comment_updated_at":null,"project":3,"updated_by":1,"comment_authors":[]},{"id":28013,"annotations":[{"id":51,"completed_by":1,"result":[],"was_cancelled":false,"ground_truth":false,"created_at":"2024-10-27T23:21:12.438475Z","updated_at":"2024-10-27T23:21:12.438475Z","draft_created_at":null,"lead_time":7.509,"prediction":{},"result_count":0,"unique_id":"feb6d765-8c63-4f08-9d6e-321646a882f9","import_id":null,"last_action":null,"task":28013,"project":3,"updated_by":1,"parent_prediction":null,"parent_annotation":null,"last_created_by":null}],"file_upload":"eca0c71a-corrected_data.csv","drafts":[],"predictions":[],"data":{"text":"im probably going get body pillow printed plain white body pillow need hug something im crying sleep","label":0,"correct_text":"Im probably going to get body pillow printed plain white body pillow need hug something I'm crying sleep"},"meta":{},"created_at":"2024-10-27T22:14:49.042298Z","updated_at":"2024-10-27T23:21:12.489811Z","inner_id":36,"total_annotations":1,"cancelled_annotations":0,"total_predictions":0,"comment_count":0,"unresolved_comment_count":0,"last_comment_updated_at":null,"project":3,"updated_by":1,"comment_authors":[]},{"id":28014,"annotations":[{"id":54,"completed_by":1,"result":[{"value":{"start":266,"end":275,"text":"weeks ago","labels":["DATE"]},"id":"-WueAytjwM","from_name":"label","to_name":"text","type":"labels","origin":"manual"},{"value":{"start":557,"end":562,"text":"satan","labels":["PERSON"]},"id":"v4M3mqZ7bK","from_name":"label","to_name":"text","type":"labels","origin":"manual"}],"was_cancelled":false,"ground_truth":false,"created_at":"2024-10-28T10:40:06.602833Z","updated_at":"2024-10-28T10:40:06.602833Z","draft_created_at":"2024-10-28T10:39:42.780496Z","lead_time":47.38,"prediction":{},"result_count":0,"unique_id":"ac636fe3-236b-4bee-b276-0a8c33b3537f","import_id":null,"last_action":null,"task":28014,"project":3,"updated_by":1,"parent_prediction":null,"parent_annotation":null,"last_created_by":null}],"file_upload":"eca0c71a-corrected_data.csv","drafts":[],"predictions":[],"data":{"text":"cant cope please helpso im bi  cant cope mum hates parents going disown find im bi theyve made clear religion family classmates mocking accidently swore loudly class teacher took class grandma basically raised really young terminally ill dying friend nearly killed  weeks ago kind mental illness already feel suicidal deppresed think im going another deppriesive episode cant deal another one nearly killed last time time worse know mum also gaslights think tell shell say im selfish making dad worry last timethe time ever told suicidal said selfish fault satan decided test faith must easy target know cope please help parent gonna disown way kill save mum hassle cutting off","label":1,"correct_text":"Cant cope please helps I'm bi can't cope mum hates parents going disown find I'm bi they've made clear religion family classmates mocking accidentally swore loudly class teacher took class grandma basically raised really young terminally ill dying friend nearly killed weeks ago kind mental illness already feel suicidal depressed think I'm going another depressive episode can't deal another one nearly killed last time worse know mum also gaslights think tell she'll say I'm selfish making dad worry last time the time ever told suicidal said selfish fault Satan decided test faith must easy target know cope please help parent going to disown way kill save mum hassle cutting off"},"meta":{},"created_at":"2024-10-27T22:14:49.042298Z","updated_at":"2024-10-28T10:40:06.699896Z","inner_id":37,"total_annotations":1,"cancelled_annotations":0,"total_predictions":0,"comment_count":0,"unresolved_comment_count":0,"last_comment_updated_at":null,"project":3,"updated_by":1,"comment_authors":[]},{"id":28015,"annotations":[{"id":55,"completed_by":1,"result":[],"was_cancelled":false,"ground_truth":false,"created_at":"2024-10-28T10:40:21.117940Z","updated_at":"2024-11-04T16:01:42.525373Z","draft_created_at":null,"lead_time":28.701,"prediction":{},"result_count":0,"unique_id":"e9b1c65d-52fe-4f21-95ba-d745ca61512a","import_id":null,"last_action":null,"task":28015,"project":3,"updated_by":1,"parent_prediction":null,"parent_annotation":null,"last_created_by":null}],"file_upload":"eca0c71a-corrected_data.csv","drafts":[],"predictions":[],"data":{"text":"finally upgarded grandma bought new phone beneath using s yearsd","label":0,"correct_text":"Finally upgraded grandma bought new phone beneath using s years"},"meta":{},"created_at":"2024-10-27T22:14:49.042298Z","updated_at":"2024-11-04T16:01:42.584571Z","inner_id":38,"total_annotations":1,"cancelled_annotations":0,"total_predictions":0,"comment_count":0,"unresolved_comment_count":0,"last_comment_updated_at":null,"project":3,"updated_by":1,"comment_authors":[]},{"id":28016,"annotations":[{"id":56,"completed_by":1,"result":[],"was_cancelled":false,"ground_truth":false,"created_at":"2024-10-28T10:40:25.607466Z","updated_at":"2024-10-28T10:40:25.607466Z","draft_created_at":null,"lead_time":3.164,"prediction":{},"result_count":0,"unique_id":"9de2b9d7-8565-4bbc-9d48-31c69f6cbca2","import_id":null,"last_action":null,"task":28016,"project":3,"updated_by":1,"parent_prediction":null,"parent_annotation":null,"last_created_by":null}],"file_upload":"eca0c71a-corrected_data.csv","drafts":[],"predictions":[],"data":{"text":"eat decide","label":0,"correct_text":"Eat decide"},"meta":{},"created_at":"2024-10-27T22:14:49.042298Z","updated_at":"2024-10-28T10:40:25.657812Z","inner_id":39,"total_annotations":1,"cancelled_annotations":0,"total_predictions":0,"comment_count":0,"unresolved_comment_count":0,"last_comment_updated_at":null,"project":3,"updated_by":1,"comment_authors":[]}]